sample_key,split,group,source_image,compiled_image,regions,sha256
additional_100__batch_01__103.png,train,additional_100__batch_01,D:\Actual Project\lcd-data-extractor\additional_100\batch_01\images\103.png,additional_100__batch_01__103.png,7,d88201b76d05faeda893379a032b82071596f6e856c63dc58fe90b9d366ecc37
additional_100__batch_01__161.png,train,additional_100__batch_01,D:\Actual Project\lcd-data-extractor\additional_100\batch_01\images\161.png,additional_100__batch_01__161.png,3,6087d1657af87839c38302aae16b2bc3d012454113714648ff94eb3f5ede6048
additional_100__batch_01__187.png,train,additional_100__batch_01,D:\Actual Project\lcd-data-extractor\additional_100\batch_01\images\187.png,additional_100__batch_01__187.png,2,95ccb3fe7d53f5fa076e8a293aa5c60fb62ff823e7d5c47f9d35bcc543bd570b
additional_100__batch_01__203.png,train,additional_100__batch_01,D:\Actual Project\lcd-data-extractor\additional_100\batch_01\images\203.png,additional_100__batch_01__203.png,7,0c26c730d939ffd9ee9079c672480e0023e9a95819338b03ea9f504f2bc0201c
additional_100__batch_01__205.png,train,additional_100__batch_01,D:\Actual Project\lcd-data-extractor\additional_100\batch_01\images\205.png,additional_100__batch_01__205.png,7,5e61aa178087fa3623b1ee0ed46368e7050b5f325de663465d60123ca47a1442
additional_100__batch_01__213.png,train,additional_100__batch_01,D:\Actual Project\lcd-data-extractor\additional_100\batch_01\images\213.png,additional_100__batch_01__213.png,2,b720e365c448d3e38b5c8e7116bc26680c98e5635a6a324d61fb12102ad9cb94
additional_100__batch_01__222.png,train,additional_100__batch_01,D:\Actual Project\lcd-data-extractor\additional_100\batch_01\images\222.png,additional_100__batch_01__222.png,7,39367a5a08b21aaa0f51e47cb93ef8259e1316dd1be98c2d3e816987e117100a
additional_100__batch_01__246.png,train,additional_100__batch_01,D:\Actual Project\lcd-data-extractor\additional_100\batch_01\images\246.png,additional_100__batch_01__246.png,7,ad9e3e8dee7905f97ab2b1e2aba395e292ad6a858f12d3f943aeec520236d75d
additional_100__batch_01__250.png,train,additional_100__batch_01,D:\Actual Project\lcd-data-extractor\additional_100\batch_01\images\250.png,additional_100__batch_01__250.png,7,b8ed3e33726770a4272b7448136a387013fa013bfac40a109887b49e6f39f856
additional_100__batch_01__269.png,train,additional_100__batch_01,D:\Actual Project\lcd-data-extractor\additional_100\batch_01\images\269.png,additional_100__batch_01__269.png,3,95113e7abc6edf6dcb72fdddbe701cc83ae379a16abe7f448f45a59514f564c5
additional_100__batch_01__283.png,train,additional_100__batch_01,D:\Actual Project\lcd-data-extractor\additional_100\batch_01\images\283.png,additional_100__batch_01__283.png,3,abea9bd63e4dfbff0f4245def73c87c1dd5180da1cae1a6523592ddc9e5aa61c
additional_100__batch_01__287.png,train,additional_100__batch_01,D:\Actual Project\lcd-data-extractor\additional_100\batch_01\images\287.png,additional_100__batch_01__287.png,7,40dbe347b264dda81b5f9e70660b43c90d169a34532de89826778a0135aa0250
additional_100__batch_01__291.png,train,additional_100__batch_01,D:\Actual Project\lcd-data-extractor\additional_100\batch_01\images\291.png,additional_100__batch_01__291.png,7,c7749f019f3cd43271d1fa11889050c1097f0f1f67170461e2d20e5cd6605830
additional_100__batch_01__46.png,train,additional_100__batch_01,D:\Actual Project\lcd-data-extractor\additional_100\batch_01\images\46.png,additional_100__batch_01__46.png,3,10137fb73dc20c6223d5143976f3a16cc769bb3e56ac274411ce71fde47f8478
additional_100__batch_01__61.png,train,additional_100__batch_01,D:\Actual Project\lcd-data-extractor\additional_100\batch_01\images\61.png,additional_100__batch_01__61.png,4,ccc9e29f4d51a3acf9822b29aafe57fe32c55c6184276482f35ff96646ad6737
additional_100__batch_01__63.png,train,additional_100__batch_01,D:\Actual Project\lcd-data-extractor\additional_100\batch_01\images\63.png,additional_100__batch_01__63.png,3,09f986ff79726eff0dda692198f37ac89e68b285e626f7c892f948216a5acc12
additional_100__batch_01__64.png,train,additional_100__batch_01,D:\Actual Project\lcd-data-extractor\additional_100\batch_01\images\64.png,additional_100__batch_01__64.png,3,63ae12f383a808ffb5fb11f0b5d9f322994c6d0fac3d6f4b189beefa19565ae4
additional_100__batch_02__101.png,train,additional_100__batch_02,D:\Actual Project\lcd-data-extractor\additional_100\batch_02\images\101.png,additional_100__batch_02__101.png,6,002e9a9ba1c72fd3b16ef7e117afd9cd40c8a8978932407371ea935db66cc796
additional_100__batch_02__109.png,train,additional_100__batch_02,D:\Actual Project\lcd-data-extractor\additional_100\batch_02\images\109.png,additional_100__batch_02__109.png,3,2fcdfb476b54e6dc55e73f92c1469bb59328f7b7041d548c9eac630574cd6153
additional_100__batch_02__113.png,train,additional_100__batch_02,D:\Actual Project\lcd-data-extractor\additional_100\batch_02\images\113.png,additional_100__batch_02__113.png,5,9f5542640b2e00c243476017529844eceb2e7b5bc77080d3162e186890d3d6de
additional_100__batch_02__136.png,train,additional_100__batch_02,D:\Actual Project\lcd-data-extractor\additional_100\batch_02\images\136.png,additional_100__batch_02__136.png,2,58a3ac8d7fed66c41a94829fb5f322cec3b3e43b7357ba0d15b296b3d9632d71
additional_100__batch_02__143.png,train,additional_100__batch_02,D:\Actual Project\lcd-data-extractor\additional_100\batch_02\images\143.png,additional_100__batch_02__143.png,5,98f4e69d24c9ba366ba7145a66815d019ae6209fd650b7af2333425fe2132df9
additional_100__batch_02__178.png,train,additional_100__batch_02,D:\Actual Project\lcd-data-extractor\additional_100\batch_02\images\178.png,additional_100__batch_02__178.png,5,b86adbe4dffdaee50b1447b34c51e29c8a27f0ae549e5a1783c73c52d645ee01
additional_100__batch_02__181.png,train,additional_100__batch_02,D:\Actual Project\lcd-data-extractor\additional_100\batch_02\images\181.png,additional_100__batch_02__181.png,5,0ad581129cf2c72ed5aadc125fcf9ab7bf33020175fab015b7c3432250c2c87c
additional_100__batch_02__201.png,train,additional_100__batch_02,D:\Actual Project\lcd-data-extractor\additional_100\batch_02\images\201.png,additional_100__batch_02__201.png,6,d9f110dee87c38fbee353913a267f4762b1c26f3de6b08b35926f94e388b5e41
additional_100__batch_02__243.png,train,additional_100__batch_02,D:\Actual Project\lcd-data-extractor\additional_100\batch_02\images\243.png,additional_100__batch_02__243.png,6,0b13e8dea538f6098f20780b7f2569ff55b45647a7577f9a243cf1c039d7fff5
additional_100__batch_02__271.png,train,additional_100__batch_02,D:\Actual Project\lcd-data-extractor\additional_100\batch_02\images\271.png,additional_100__batch_02__271.png,4,0d233a68c92fb3e68f83036ab13f2528e9fcdecbb9514e56eb17de587f62527c
additional_100__batch_02__290.png,train,additional_100__batch_02,D:\Actual Project\lcd-data-extractor\additional_100\batch_02\images\290.png,additional_100__batch_02__290.png,6,bf784209cc9c05f2bb2370ff12994c4ff985416255aa6826cc56b1c2c2124cd0
additional_100__batch_02__292.png,train,additional_100__batch_02,D:\Actual Project\lcd-data-extractor\additional_100\batch_02\images\292.png,additional_100__batch_02__292.png,5,05eadcd9e815c01b0098ba5b76046c5c20adfef2004eff1dcff3a438b6ea5583
additional_100__batch_02__298.png,train,additional_100__batch_02,D:\Actual Project\lcd-data-extractor\additional_100\batch_02\images\298.png,additional_100__batch_02__298.png,7,638ec01ea4fe5270d3cce165c5f52a7a3a6faea1067e99e8676add5af9384484
additional_100__batch_02__313.png,train,additional_100__batch_02,D:\Actual Project\lcd-data-extractor\additional_100\batch_02\images\313.png,additional_100__batch_02__313.png,2,97e145e9480aef5a3007d39eea515b9288c568bfa44e28c630cd97fce9acaec7
additional_100__batch_02__357.png,train,additional_100__batch_02,D:\Actual Project\lcd-data-extractor\additional_100\batch_02\images\357.png,additional_100__batch_02__357.png,4,834390a342344b648184aa7a6c920c656321f949c4713331e3f00bf3bf462a6b
additional_100__batch_02__372.png,train,additional_100__batch_02,D:\Actual Project\lcd-data-extractor\additional_100\batch_02\images\372.png,additional_100__batch_02__372.png,7,5a0053f28245635439e7c1f3240822f4c8a92e4c24b0b2586914227192b0daad
additional_100__batch_03__123.png,train,additional_100__batch_03,D:\Actual Project\lcd-data-extractor\additional_100\batch_03\images\123.png,additional_100__batch_03__123.png,1,a548179619e7473f00015156fa5d0231426f5c4ef93f769b644200881624d48e
additional_100__batch_03__148.png,train,additional_100__batch_03,D:\Actual Project\lcd-data-extractor\additional_100\batch_03\images\148.png,additional_100__batch_03__148.png,3,d7126ed046e424e3f67e9af09ffe63015d1255d41ee86a5bb660a7e58eb95a23
additional_100__batch_03__162.png,train,additional_100__batch_03,D:\Actual Project\lcd-data-extractor\additional_100\batch_03\images\162.png,additional_100__batch_03__162.png,5,04ea1c084e7cca0dc22a64d44a6b77cbaf0af063d55328f6876f0b2e7dc188c1
additional_100__batch_03__198.png,train,additional_100__batch_03,D:\Actual Project\lcd-data-extractor\additional_100\batch_03\images\198.png,additional_100__batch_03__198.png,5,53ad664681698a7ee8d45053266ee3e6164d8e08c79b2e5a3b2c5ea985cd91db
additional_100__batch_03__223.png,train,additional_100__batch_03,D:\Actual Project\lcd-data-extractor\additional_100\batch_03\images\223.png,additional_100__batch_03__223.png,3,619f3d3c767f6a4ddcdc693e9604c36f59552236ebc4c516921bc3c2d7fea24e
additional_100__batch_03__256.png,train,additional_100__batch_03,D:\Actual Project\lcd-data-extractor\additional_100\batch_03\images\256.png,additional_100__batch_03__256.png,3,a390c923785e23fef323a69debe16ae8340605dbf2d929002e41314840fd2fbd
additional_100__batch_03__257.png,train,additional_100__batch_03,D:\Actual Project\lcd-data-extractor\additional_100\batch_03\images\257.png,additional_100__batch_03__257.png,4,b44bdd8d94b6312045963aba3f19459fdadd335fae797157922cbcdc04cd22df
additional_100__batch_03__284.png,train,additional_100__batch_03,D:\Actual Project\lcd-data-extractor\additional_100\batch_03\images\284.png,additional_100__batch_03__284.png,5,fd199b4c055aa60f2f619c47da3dc3589d929e082805a68e652c20ee3429f97b
additional_100__batch_03__303.png,train,additional_100__batch_03,D:\Actual Project\lcd-data-extractor\additional_100\batch_03\images\303.png,additional_100__batch_03__303.png,3,5711d44cfdd01637f33ddf4e0026697c3a629a5651f2facc0a1e94f46fff9b4c
additional_100__batch_03__309.png,train,additional_100__batch_03,D:\Actual Project\lcd-data-extractor\additional_100\batch_03\images\309.png,additional_100__batch_03__309.png,3,d703b668302ac2759f1c923691cf884594aa79bb060f195fc0758e4293e0cf43
additional_100__batch_03__347.png,train,additional_100__batch_03,D:\Actual Project\lcd-data-extractor\additional_100\batch_03\images\347.png,additional_100__batch_03__347.png,3,5f0d70fe2c53b13932e3b7a643aa26af842892b1b57a4cebd862b7074a762488
additional_100__batch_03__385.png,train,additional_100__batch_03,D:\Actual Project\lcd-data-extractor\additional_100\batch_03\images\385.png,additional_100__batch_03__385.png,3,0836a7510c0b61a906a8d7f8d74a7f4453d4ae0ed238ed12082cc69280e70cbc
additional_100__batch_03__399.png,train,additional_100__batch_03,D:\Actual Project\lcd-data-extractor\additional_100\batch_03\images\399.png,additional_100__batch_03__399.png,2,5a691b3e085dd6b9b1baf7d86ccdd7fd4e6f967a594c6b08ed068b75c1bd3a58
additional_100__batch_03__411.png,train,additional_100__batch_03,D:\Actual Project\lcd-data-extractor\additional_100\batch_03\images\411.png,additional_100__batch_03__411.png,7,b15eeacf74da91a8ff646798c0ea0a700f2e81acc6e835c4cccdc425133418ef
additional_100__batch_03__439.png,train,additional_100__batch_03,D:\Actual Project\lcd-data-extractor\additional_100\batch_03\images\439.png,additional_100__batch_03__439.png,2,6e7daf202ff84dd8b890dc5beb4931b3190e701e7bbb567b05a19d246a45e5d3
additional_100__batch_03__67.png,train,additional_100__batch_03,D:\Actual Project\lcd-data-extractor\additional_100\batch_03\images\67.png,additional_100__batch_03__67.png,3,b57434e61c4ea613a7f5d9161054142aa00e7a17754fe1ed070fa05d963460ab
additional_100__batch_03__69.png,train,additional_100__batch_03,D:\Actual Project\lcd-data-extractor\additional_100\batch_03\images\69.png,additional_100__batch_03__69.png,3,5c8fc6abc8c15f1acf7e0fece34f4e1e3c21a6eb4d332f2d41e9c6612519f1aa
additional_100__batch_04__397.png,train,additional_100__batch_04,D:\Actual Project\lcd-data-extractor\additional_100\batch_04\images\397.png,additional_100__batch_04__397.png,3,69dd71251fe7b602c0394ab0933c3f12fb9f6cf3b1de4100f3feacb83f0fcb6d
additional_100__batch_04__409.png,train,additional_100__batch_04,D:\Actual Project\lcd-data-extractor\additional_100\batch_04\images\409.png,additional_100__batch_04__409.png,5,63dcc457f6bb5ea13f2583e8ea4975f41621de0be61f4bb90fada8c0093cfe54
additional_100__batch_04__446.png,train,additional_100__batch_04,D:\Actual Project\lcd-data-extractor\additional_100\batch_04\images\446.png,additional_100__batch_04__446.png,2,78a7b45ee67564badf71ee23fb022799950cfe1ebfa9a33ca11d79e98a8ed432
additional_100__batch_04__453.png,train,additional_100__batch_04,D:\Actual Project\lcd-data-extractor\additional_100\batch_04\images\453.png,additional_100__batch_04__453.png,3,971c4a2184b9bd664b13d3e01a1f5c3d66c2c3b8c2a82bbc3a6fa2a3d812aa1c
additional_100__batch_04__467.png,train,additional_100__batch_04,D:\Actual Project\lcd-data-extractor\additional_100\batch_04\images\467.png,additional_100__batch_04__467.png,2,5f6591fe45812c54c38b15484f5d8da877c4518139324fd5ed38061c8fe1a204
additional_100__batch_04__475.png,train,additional_100__batch_04,D:\Actual Project\lcd-data-extractor\additional_100\batch_04\images\475.png,additional_100__batch_04__475.png,2,9ab0ab55033bb28c15f68f95664426a05acc99ca1fb987b699e6fa98f2dbdc69
additional_100__batch_04__477.png,train,additional_100__batch_04,D:\Actual Project\lcd-data-extractor\additional_100\batch_04\images\477.png,additional_100__batch_04__477.png,3,c8cf517d3361e7633e952c1b8196c681c17081470b21b28c4dfa6c3256969f4d
additional_100__batch_04__482.png,train,additional_100__batch_04,D:\Actual Project\lcd-data-extractor\additional_100\batch_04\images\482.png,additional_100__batch_04__482.png,7,4dd3d521701d1b9f5ce0774b51995ed80ba8acc505056da3f0de9440167be393
additional_100__batch_04__485.png,train,additional_100__batch_04,D:\Actual Project\lcd-data-extractor\additional_100\batch_04\images\485.png,additional_100__batch_04__485.png,7,c5d25e2db73dfee23449fdb890a3d6f280c19aae045edfb50b80c3ff723b100d
additional_100__batch_04__501.png,train,additional_100__batch_04,D:\Actual Project\lcd-data-extractor\additional_100\batch_04\images\501.png,additional_100__batch_04__501.png,2,942638108b09380c00892e6ad4c7b2b2544177abcbf5acb036a81cb1c0b3b5ad
additional_100__batch_04__544.png,train,additional_100__batch_04,D:\Actual Project\lcd-data-extractor\additional_100\batch_04\images\544.png,additional_100__batch_04__544.png,8,baeb6c7c24e7ff7376c7ab1eddf75557a62b5666fde536ada9b87b6b7baddec6
additional_100__batch_04__547.png,train,additional_100__batch_04,D:\Actual Project\lcd-data-extractor\additional_100\batch_04\images\547.png,additional_100__batch_04__547.png,8,8261fd8e9c28160cab32c55abdf56e1f39d2195a7b683e81979c4d8c412c0869
additional_100__batch_04__565.png,train,additional_100__batch_04,D:\Actual Project\lcd-data-extractor\additional_100\batch_04\images\565.png,additional_100__batch_04__565.png,5,d4011073cd5588e86bd2626e4cced9b8e70526af6b4654243662e2198b619ada
additional_100__batch_04__566.png,train,additional_100__batch_04,D:\Actual Project\lcd-data-extractor\additional_100\batch_04\images\566.png,additional_100__batch_04__566.png,5,1607f9347165b04eaf365b39b0aee6e1fa6f1f7787173f869b90ecdd43eb141c
additional_100__batch_04__638.png,train,additional_100__batch_04,D:\Actual Project\lcd-data-extractor\additional_100\batch_04\images\638.png,additional_100__batch_04__638.png,7,e85a5c4a9b946d4bd9e3ead6e3796e2c8141bf4f6e458807a977806748fd25fd
additional_100__batch_04__641.png,train,additional_100__batch_04,D:\Actual Project\lcd-data-extractor\additional_100\batch_04\images\641.png,additional_100__batch_04__641.png,7,ea0fc2ad02c242754b4b2f586b83a72203b0d55758b842af094f16719971a07b
additional_100__batch_04__656.png,train,additional_100__batch_04,D:\Actual Project\lcd-data-extractor\additional_100\batch_04\images\656.png,additional_100__batch_04__656.png,5,3afedfde49071a12e77c43a8e611bd82570fa1d7e5792374b94321e559606184
additional_100__batch_05__484.png,train,additional_100__batch_05,D:\Actual Project\lcd-data-extractor\additional_100\batch_05\images\484.png,additional_100__batch_05__484.png,6,73257ccd649d516b2a1083e5c2fa74e71ac3154667dcda8af75e436f6df64aef
additional_100__batch_05__487.png,train,additional_100__batch_05,D:\Actual Project\lcd-data-extractor\additional_100\batch_05\images\487.png,additional_100__batch_05__487.png,6,db798bd053771897f0a62bca00fa53bba84fb9cf4980e143f9cb9c98b356dbc0
additional_100__batch_05__502.png,train,additional_100__batch_05,D:\Actual Project\lcd-data-extractor\additional_100\batch_05\images\502.png,additional_100__batch_05__502.png,4,f1787c86824b3b385e5d4eea1fb71a05aeafb127a3a95254c5beed80dd8ea17e
additional_100__batch_05__527.png,train,additional_100__batch_05,D:\Actual Project\lcd-data-extractor\additional_100\batch_05\images\527.png,additional_100__batch_05__527.png,6,8e139506ba55a8e84fc5cde8e1a879fd8e6d0be104706fbbcfd5ea51ac6f4aa2
additional_100__batch_05__579.png,train,additional_100__batch_05,D:\Actual Project\lcd-data-extractor\additional_100\batch_05\images\579.png,additional_100__batch_05__579.png,4,7aa8562c35fe94edcd18a36dcabf00b20a2a562adff93a11b05d595ba33dc9d1
additional_100__batch_05__593.png,train,additional_100__batch_05,D:\Actual Project\lcd-data-extractor\additional_100\batch_05\images\593.png,additional_100__batch_05__593.png,6,d1d172d4239c7511d31e4a30420271388aa5cad1b86cffc4b0bd1fd6737e140e
additional_100__batch_05__603.png,train,additional_100__batch_05,D:\Actual Project\lcd-data-extractor\additional_100\batch_05\images\603.png,additional_100__batch_05__603.png,6,52a013503d7ca09e89cb99d6ac72f7f67047d9a489eff62f5148ae509f8795a0
additional_100__batch_05__609.png,train,additional_100__batch_05,D:\Actual Project\lcd-data-extractor\additional_100\batch_05\images\609.png,additional_100__batch_05__609.png,4,72a33bd6343d9468c2ec8e96f9e05865bd37d1b7be0c4542eaf15c18c99d542d
additional_100__batch_05__628.png,train,additional_100__batch_05,D:\Actual Project\lcd-data-extractor\additional_100\batch_05\images\628.png,additional_100__batch_05__628.png,7,531284e741525047e9950ae309e5a286d15d8ea7cbe09b25182737a48dc2b0d7
additional_100__batch_05__634.png,train,additional_100__batch_05,D:\Actual Project\lcd-data-extractor\additional_100\batch_05\images\634.png,additional_100__batch_05__634.png,4,f4219278b8b3a25f349c322b2672b8639539dfed099127e67dab4cf1af326d22
additional_100__batch_05__635.png,train,additional_100__batch_05,D:\Actual Project\lcd-data-extractor\additional_100\batch_05\images\635.png,additional_100__batch_05__635.png,7,ce046d2f7a440bf1bea0ef11aeb260556dca8b0b8af32aa9e567cb85d769cefb
additional_100__batch_05__665.png,train,additional_100__batch_05,D:\Actual Project\lcd-data-extractor\additional_100\batch_05\images\665.png,additional_100__batch_05__665.png,6,1df00a7589fee61d44d4ba632065e2060236d5dcbc3c06c60ad67edc2b8c9c09
additional_100__batch_05__672.png,train,additional_100__batch_05,D:\Actual Project\lcd-data-extractor\additional_100\batch_05\images\672.png,additional_100__batch_05__672.png,6,ebaf80974fbc98753a309dfab2e8310a8e3be1780c5574f87ba8be8b59d045e9
additional_100__batch_05__673.png,train,additional_100__batch_05,D:\Actual Project\lcd-data-extractor\additional_100\batch_05\images\673.png,additional_100__batch_05__673.png,6,0aa61c9328906c73fe43c72f9fe5ec28795795b59fa3762d2895bd54a1cf339b
additional_100__batch_05__678.png,train,additional_100__batch_05,D:\Actual Project\lcd-data-extractor\additional_100\batch_05\images\678.png,additional_100__batch_05__678.png,6,0c8cb986cce720d69a404120cd570ec09aca7782bb6e1cd04a26aab49b2435f0
additional_100__batch_05__680.png,train,additional_100__batch_05,D:\Actual Project\lcd-data-extractor\additional_100\batch_05\images\680.png,additional_100__batch_05__680.png,6,ae9b650d2c96a2899ba51c6c256c5d9fd2ebdea718a5771eae36528fadfbb653
additional_100__batch_05__685.png,train,additional_100__batch_05,D:\Actual Project\lcd-data-extractor\additional_100\batch_05\images\685.png,additional_100__batch_05__685.png,6,cc3504a2fa8b85d435974963a925cad05a41b42359c4e9ed03d4f672e56e13d4
next_100__batch_01__110.png,train,next_100__batch_01,D:\Actual Project\lcd-data-extractor\next_100\batch_01\images\110.png,next_100__batch_01__110.png,2,c71d2ca1e0bcbfc718182f62599c87844335231eba2a2855816844db4c23c6ae
next_100__batch_01__117.png,train,next_100__batch_01,D:\Actual Project\lcd-data-extractor\next_100\batch_01\images\117.png,next_100__batch_01__117.png,7,0c2c7685083a361f05a99b7caacb7f9e250045e50a8726a16005623a2e73e318
next_100__batch_01__151.png,train,next_100__batch_01,D:\Actual Project\lcd-data-extractor\next_100\batch_01\images\151.png,next_100__batch_01__151.png,3,d6f9c0811e6a90eb91015c1cf89b5202a2d694667ee35ec43348125f22dea16e
next_100__batch_01__154.png,train,next_100__batch_01,D:\Actual Project\lcd-data-extractor\next_100\batch_01\images\154.png,next_100__batch_01__154.png,3,de51c200a2ab19468b7e713f9f827044654866a486fd39e48b5b3e99e37f268d
next_100__batch_01__175.png,train,next_100__batch_01,D:\Actual Project\lcd-data-extractor\next_100\batch_01\images\175.png,next_100__batch_01__175.png,7,958fad529317631e577c7ee38c40e360c62dc52c4152debe9f111bca359def7d
next_100__batch_01__185.png,train,next_100__batch_01,D:\Actual Project\lcd-data-extractor\next_100\batch_01\images\185.png,next_100__batch_01__185.png,2,eb988e31147dc8308bdabd84ab01f435f1e226b3cfbbbd92d850be6f149d3c98
next_100__batch_01__188.png,train,next_100__batch_01,D:\Actual Project\lcd-data-extractor\next_100\batch_01\images\188.png,next_100__batch_01__188.png,3,0acd2ab59d702be63d6800cbc15469a679e547d6f2cee9af373cec12f82b8d41
next_100__batch_01__247.png,train,next_100__batch_01,D:\Actual Project\lcd-data-extractor\next_100\batch_01\images\247.png,next_100__batch_01__247.png,7,862fb590c762da9fcae63ce28bb2b3b8183e24e2151fb2fce6c74f0b3ff063fe
next_100__batch_01__248.png,train,next_100__batch_01,D:\Actual Project\lcd-data-extractor\next_100\batch_01\images\248.png,next_100__batch_01__248.png,7,73c6a4e62d6cc3574e6d51a9fad5214510fd3658a23a07533b09131a15f590af
next_100__batch_01__276.png,train,next_100__batch_01,D:\Actual Project\lcd-data-extractor\next_100\batch_01\images\276.png,next_100__batch_01__276.png,3,f6cdf9bb9a4519354820af236205027b6fdf767a909ec2443a8e41b8f354ddfa
next_100__batch_01__310.png,train,next_100__batch_01,D:\Actual Project\lcd-data-extractor\next_100\batch_01\images\310.png,next_100__batch_01__310.png,7,25516f7c675e6cdaf7ef70da116f7810b24936bb680b36d28b7c9cbd8be7227d
next_100__batch_01__317.png,train,next_100__batch_01,D:\Actual Project\lcd-data-extractor\next_100\batch_01\images\317.png,next_100__batch_01__317.png,2,41d1394a48df914c6574bac8fff37883f8500596254e4b22ce388a386752e4ed
next_100__batch_01__320.png,train,next_100__batch_01,D:\Actual Project\lcd-data-extractor\next_100\batch_01\images\320.png,next_100__batch_01__320.png,2,ca9b671b6df285f0b8d666a0be28d79d06b0a453dd696600729c6e352dacdcf8
next_100__batch_01__37.png,train,next_100__batch_01,D:\Actual Project\lcd-data-extractor\next_100\batch_01\images\37.png,next_100__batch_01__37.png,4,3724d4c17e9d61e7451794c61ec932bfd0893c6d61ee79d1fc090d5d4508c74e
next_100__batch_01__39.png,train,next_100__batch_01,D:\Actual Project\lcd-data-extractor\next_100\batch_01\images\39.png,next_100__batch_01__39.png,5,ba73b7fd17c486f8c9b0f5e0660bdfebda81f759d8428bd5025a102a64e6b11f
next_100__batch_01__44.png,train,next_100__batch_01,D:\Actual Project\lcd-data-extractor\next_100\batch_01\images\44.png,next_100__batch_01__44.png,4,715e96b81032c6c9466c76be80f3c7463f97dd4bcb386240b958b2d5b7579f4c
next_100__batch_01__45.png,train,next_100__batch_01,D:\Actual Project\lcd-data-extractor\next_100\batch_01\images\45.png,next_100__batch_01__45.png,3,fd7082e09c66393af39979fb0ae7a8eda939dd14a63159beead7906af47a4d33
next_100__batch_02__122.png,train,next_100__batch_02,D:\Actual Project\lcd-data-extractor\next_100\batch_02\images\122.png,next_100__batch_02__122.png,5,0e4ef458299c1c8284cc759ef4eb949809120580cc21d60075407ea58356ae90
next_100__batch_02__130.png,train,next_100__batch_02,D:\Actual Project\lcd-data-extractor\next_100\batch_02\images\130.png,next_100__batch_02__130.png,2,70e5e8d63ee65c0491e060a5a00893d2553c2496dbf3d6536dd8f2d473e59701
next_100__batch_02__155.png,train,next_100__batch_02,D:\Actual Project\lcd-data-extractor\next_100\batch_02\images\155.png,next_100__batch_02__155.png,4,1250494525806f31f8707e758d966ed4d36026b89a562e8dffd308a487209483
next_100__batch_02__174.png,train,next_100__batch_02,D:\Actual Project\lcd-data-extractor\next_100\batch_02\images\174.png,next_100__batch_02__174.png,5,8715b56ae98ddcfc966ba3ca005507989ed1bcb03383e923baa686028a794bf6
next_100__batch_02__199.png,train,next_100__batch_02,D:\Actual Project\lcd-data-extractor\next_100\batch_02\images\199.png,next_100__batch_02__199.png,6,f8fde53e8fcfcedec93d6df834218a6d3a1dd4f4b08d239468a56996bb27309c
next_100__batch_02__211.png,train,next_100__batch_02,D:\Actual Project\lcd-data-extractor\next_100\batch_02\images\211.png,next_100__batch_02__211.png,4,826eac013f3875b3282f4bbd04d08ebf1c5347826e7496a4d855b132fccbf4e6
next_100__batch_02__240.png,train,next_100__batch_02,D:\Actual Project\lcd-data-extractor\next_100\batch_02\images\240.png,next_100__batch_02__240.png,6,e492c10c7c8e3a09d31a1421c7661319daf0a85cd0baffb16c114362fe562b30
next_100__batch_02__268.png,train,next_100__batch_02,D:\Actual Project\lcd-data-extractor\next_100\batch_02\images\268.png,next_100__batch_02__268.png,4,cccfde939d0b361fc2fdb2da8e0a48c109cdcb7452083d835db3bab22ad14683
next_100__batch_02__272.png,train,next_100__batch_02,D:\Actual Project\lcd-data-extractor\next_100\batch_02\images\272.png,next_100__batch_02__272.png,4,77ccf7d67b9ad19123a8d6f2d61d25e239fa6413cd5c4b38d18dfa85188cf2f9
next_100__batch_02__288.png,train,next_100__batch_02,D:\Actual Project\lcd-data-extractor\next_100\batch_02\images\288.png,next_100__batch_02__288.png,6,d05f1262d3c630d709c1ad45ad52d6a4abba5c25978c3b9d5928c75c3c99c178
next_100__batch_02__289.png,train,next_100__batch_02,D:\Actual Project\lcd-data-extractor\next_100\batch_02\images\289.png,next_100__batch_02__289.png,5,30e44f88be8b9612cd5eac686b8fe40c18676823169f8d1a94198f3444fd771c
next_100__batch_02__296.png,train,next_100__batch_02,D:\Actual Project\lcd-data-extractor\next_100\batch_02\images\296.png,next_100__batch_02__296.png,5,65995a1b8e62f69c6de82da8ab2a8e75aad94413d036145abbbe1c8df48900ad
next_100__batch_02__344.png,train,next_100__batch_02,D:\Actual Project\lcd-data-extractor\next_100\batch_02\images\344.png,next_100__batch_02__344.png,2,1631ecd37db8129dfd03ac9ad32885cbb7d0c02e8ba793b73030839d9e548eda
next_100__batch_02__352.png,train,next_100__batch_02,D:\Actual Project\lcd-data-extractor\next_100\batch_02\images\352.png,next_100__batch_02__352.png,2,fda4738495efd279961583f06bdd5783b6e7c80ff316fed919cebcc227aa824f
next_100__batch_02__394.png,train,next_100__batch_02,D:\Actual Project\lcd-data-extractor\next_100\batch_02\images\394.png,next_100__batch_02__394.png,2,6fa5fb68bd73caf3407eb6fb7d2f3c03bb52bffb59fca8a8007b2a6e3aa68b11
next_100__batch_02__79.png,train,next_100__batch_02,D:\Actual Project\lcd-data-extractor\next_100\batch_02\images\79.png,next_100__batch_02__79.png,2,3367954efbac0e0a0613d64bc417dd64bbb4bf3f11fd5213fc855682d3981bdf
next_100__batch_03__111.png,train,next_100__batch_03,D:\Actual Project\lcd-data-extractor\next_100\batch_03\images\111.png,next_100__batch_03__111.png,3,0fcf5e57b4ae6f97c8b8bbe4344f31e8d98956a0c2ccbd4a9d3d56ba917b9a13
next_100__batch_03__114.png,train,next_100__batch_03,D:\Actual Project\lcd-data-extractor\next_100\batch_03\images\114.png,next_100__batch_03__114.png,4,2937ea4efa3a2d507524ef53eaaa22431c4825bc4437c70046c2c431d4b419b9
next_100__batch_03__118.png,train,next_100__batch_03,D:\Actual Project\lcd-data-extractor\next_100\batch_03\images\118.png,next_100__batch_03__118.png,5,429de437408d55cdfc130c1a9603a948b571aa4dcef20959ea23a608d22e4c70
next_100__batch_03__159.png,train,next_100__batch_03,D:\Actual Project\lcd-data-extractor\next_100\batch_03\images\159.png,next_100__batch_03__159.png,4,1ea59c5e522a9805cc6ecd24c5df0da11391da5ca491c069346db2191a08161c
next_100__batch_03__163.png,train,next_100__batch_03,D:\Actual Project\lcd-data-extractor\next_100\batch_03\images\163.png,next_100__batch_03__163.png,5,c1b25ceacf5447f1120459b39a26c55b3be8584e5b29cd6cde9a65b6ff85135a
next_100__batch_03__212.png,train,next_100__batch_03,D:\Actual Project\lcd-data-extractor\next_100\batch_03\images\212.png,next_100__batch_03__212.png,1,c82884d8ded270cfeadc63e624baee778c27e14388e603074247850a1278e1b9
next_100__batch_03__228.png,train,next_100__batch_03,D:\Actual Project\lcd-data-extractor\next_100\batch_03\images\228.png,next_100__batch_03__228.png,5,75a5a4766ac75c00d9dff56f4530d3e9b5cfe93180ce7e5b094d27d35199430f
next_100__batch_03__258.png,train,next_100__batch_03,D:\Actual Project\lcd-data-extractor\next_100\batch_03\images\258.png,next_100__batch_03__258.png,4,01d9b5d7f9a6b80d9da59d99309b003bd839d3f1dd39b6a1d00ed66c20d5a7ee
next_100__batch_03__294.png,train,next_100__batch_03,D:\Actual Project\lcd-data-extractor\next_100\batch_03\images\294.png,next_100__batch_03__294.png,5,572b50d932c48f8a1359371c5240391b51d6b09248bd0b9b908fd21d5c104dc4
next_100__batch_03__329.png,train,next_100__batch_03,D:\Actual Project\lcd-data-extractor\next_100\batch_03\images\329.png,next_100__batch_03__329.png,3,52d08e337e797e91ac403f4bfb556fea2dc575da8c314a1f9e0a3f990c3b8af9
next_100__batch_03__339.png,train,next_100__batch_03,D:\Actual Project\lcd-data-extractor\next_100\batch_03\images\339.png,next_100__batch_03__339.png,2,610859ef523ebacfbe372087d4d20b8e045cf54d3b733497148a2a5382fa0555
next_100__batch_03__354.png,train,next_100__batch_03,D:\Actual Project\lcd-data-extractor\next_100\batch_03\images\354.png,next_100__batch_03__354.png,3,d3b8f15f3f8ab0957b0bd41b83cbbb50c9fe5fe64f3f0b3a71a28607e93a5429
next_100__batch_03__373.png,train,next_100__batch_03,D:\Actual Project\lcd-data-extractor\next_100\batch_03\images\373.png,next_100__batch_03__373.png,6,05aabd98d56fa4b2f1a11eeeeb617266812e2be4a820f014fa0679f73a33649a
next_100__batch_03__405.png,train,next_100__batch_03,D:\Actual Project\lcd-data-extractor\next_100\batch_03\images\405.png,next_100__batch_03__405.png,7,abe3b8eae62e0bd80c5b9bfec8e1dd8f075b3784cfeb5b3515383b75c88b31f1
next_100__batch_03__422.png,train,next_100__batch_03,D:\Actual Project\lcd-data-extractor\next_100\batch_03\images\422.png,next_100__batch_03__422.png,7,e87794d1c577b747e905d6fb3e29378bc5beb71c6983f37b44eb183081f4202c
next_100__batch_03__430.png,train,next_100__batch_03,D:\Actual Project\lcd-data-extractor\next_100\batch_03\images\430.png,next_100__batch_03__430.png,7,e6e6aacffa3e8627c86d030b6a72d9922cbb02c92f3829807d2ef268e328c0fb
next_100__batch_03__454.png,train,next_100__batch_03,D:\Actual Project\lcd-data-extractor\next_100\batch_03\images\454.png,next_100__batch_03__454.png,2,a388ab9072ab3d94e5d18da9889b880b2202e56e379218664552f5ce18822fdc
next_100__batch_04__408.png,train,next_100__batch_04,D:\Actual Project\lcd-data-extractor\next_100\batch_04\images\408.png,next_100__batch_04__408.png,5,7bb37386ca15c80dde9817131e5ee920ac2b60e94a44e3397a904509cb50c4b0
next_100__batch_04__416.png,train,next_100__batch_04,D:\Actual Project\lcd-data-extractor\next_100\batch_04\images\416.png,next_100__batch_04__416.png,3,b144ea71b17fd885da1dc07c6b9b1210a7e303aa60c4d6a44c960ef266b81b48
next_100__batch_04__432.png,train,next_100__batch_04,D:\Actual Project\lcd-data-extractor\next_100\batch_04\images\432.png,next_100__batch_04__432.png,1,f60b80461d1d0505455ea2230ca44ab41b055da657868c76a7d4a3ca749b8275
next_100__batch_04__442.png,train,next_100__batch_04,D:\Actual Project\lcd-data-extractor\next_100\batch_04\images\442.png,next_100__batch_04__442.png,5,1c1f3aa43aa73b9d9a6021eec44404cbb05865b03317f42d149427f1b39a5079
next_100__batch_04__474.png,train,next_100__batch_04,D:\Actual Project\lcd-data-extractor\next_100\batch_04\images\474.png,next_100__batch_04__474.png,3,30198235af221eb00a6bc2a69b4f92a05f3464ea9ffb7a93a3fc6e08b543633e
next_100__batch_04__483.png,train,next_100__batch_04,D:\Actual Project\lcd-data-extractor\next_100\batch_04\images\483.png,next_100__batch_04__483.png,7,1f4e1d5ba076d334af313c26ab45056239f6645badaad1bb084c2e9878ccef34
next_100__batch_04__486.png,train,next_100__batch_04,D:\Actual Project\lcd-data-extractor\next_100\batch_04\images\486.png,next_100__batch_04__486.png,7,16aadff02b5c5f005963dee5ba17b0ad05b009fdd1c493b711c8301992c399a1
next_100__batch_04__500.png,train,next_100__batch_04,D:\Actual Project\lcd-data-extractor\next_100\batch_04\images\500.png,next_100__batch_04__500.png,2,d1c46072df419c9c6702635e769b7af86a5797737a2f241c6702d116fa480235
next_100__batch_04__545.png,train,next_100__batch_04,D:\Actual Project\lcd-data-extractor\next_100\batch_04\images\545.png,next_100__batch_04__545.png,8,a13fa414aab395e5a1adb38b6323e4e56fdf2de1cd8209bda951e359e1b6b86c
next_100__batch_04__549.png,train,next_100__batch_04,D:\Actual Project\lcd-data-extractor\next_100\batch_04\images\549.png,next_100__batch_04__549.png,8,ace0af29099f8487da0cbc09ad5cf28e0d23e4321ea6c8439838fd96e34ea6c8
next_100__batch_04__552.png,train,next_100__batch_04,D:\Actual Project\lcd-data-extractor\next_100\batch_04\images\552.png,next_100__batch_04__552.png,5,10dcf3d97e8bd1a78ac2a9e04fb916233fa5921d1de30b3b241cd27ca81611b0
next_100__batch_04__589.png,train,next_100__batch_04,D:\Actual Project\lcd-data-extractor\next_100\batch_04\images\589.png,next_100__batch_04__589.png,7,e7b8df2734c8b04c7fd32251136c352e106fd51683ecaaaddf5538cd309051f1
next_100__batch_04__592.png,train,next_100__batch_04,D:\Actual Project\lcd-data-extractor\next_100\batch_04\images\592.png,next_100__batch_04__592.png,7,0464d234ddf29825fc9f4a8dc712f3691c968a51490df9ab9ee99e7ad203afc5
next_100__batch_04__597.png,train,next_100__batch_04,D:\Actual Project\lcd-data-extractor\next_100\batch_04\images\597.png,next_100__batch_04__597.png,2,301769e499e7e504b153e6d74a20903b172a5761f174c7ccd2450aca55fc0507
next_100__batch_04__639.png,train,next_100__batch_04,D:\Actual Project\lcd-data-extractor\next_100\batch_04\images\639.png,next_100__batch_04__639.png,7,b46a5727fba0cab60ab3bcf199be5f85e8e3de9d70dade5ebf122a8ad5c2d45b
next_100__batch_04__642.png,train,next_100__batch_04,D:\Actual Project\lcd-data-extractor\next_100\batch_04\images\642.png,next_100__batch_04__642.png,7,e5c1289211edf42055faecc9338922adcab6aafe9ba91a4f12ab43e9408c9ae9
next_100__batch_04__666.png,train,next_100__batch_04,D:\Actual Project\lcd-data-extractor\next_100\batch_04\images\666.png,next_100__batch_04__666.png,6,2a52b64c194c38a9cf2682848ff889d974c1c7cfd66dd1db39e279561a545bfe
next_100__batch_05__508.png,train,next_100__batch_05,D:\Actual Project\lcd-data-extractor\next_100\batch_05\images\508.png,next_100__batch_05__508.png,6,c763b7abd62edf9c633788db220ec32a21d2100d9427022c68142b46226072c9
next_100__batch_05__509.png,train,next_100__batch_05,D:\Actual Project\lcd-data-extractor\next_100\batch_05\images\509.png,next_100__batch_05__509.png,6,3a1546f91ee21b43f172c387b0e2e7b2f33a3793cecc3fc1b55b526be9f38aa5
next_100__batch_05__510.png,train,next_100__batch_05,D:\Actual Project\lcd-data-extractor\next_100\batch_05\images\510.png,next_100__batch_05__510.png,6,a601d96efd5c031296963f5f6c138fbcf11286e4c46ee0f237d2ae988802ec73
next_100__batch_05__531.png,train,next_100__batch_05,D:\Actual Project\lcd-data-extractor\next_100\batch_05\images\531.png,next_100__batch_05__531.png,7,e9fe2e0e1ae0e6f1be71c3241cb51a9827614a8d3798ab315ef4f296f19156db
next_100__batch_05__550.png,train,next_100__batch_05,D:\Actual Project\lcd-data-extractor\next_100\batch_05\images\550.png,next_100__batch_05__550.png,7,f51892849ff0bf2346215af6092311daacc823a580adfd5de08aea9ecdfa50f4
next_100__batch_05__567.png,train,next_100__batch_05,D:\Actual Project\lcd-data-extractor\next_100\batch_05\images\567.png,next_100__batch_05__567.png,6,24bda5bce52f337c8e8b479acb2dfb3367d5a02977843e3305e0b3e4130c1d6f
next_100__batch_05__568.png,train,next_100__batch_05,D:\Actual Project\lcd-data-extractor\next_100\batch_05\images\568.png,next_100__batch_05__568.png,6,a2ba35a78e45d79493fe92cbe0c689f945e92e7db542cd289539705e37b10291
next_100__batch_05__570.png,train,next_100__batch_05,D:\Actual Project\lcd-data-extractor\next_100\batch_05\images\570.png,next_100__batch_05__570.png,6,e5c7b60835a04b61161d1bc3f0157f1b819c0f7f882c0f654c5c4bf2023f0dc3
next_100__batch_05__571.png,train,next_100__batch_05,D:\Actual Project\lcd-data-extractor\next_100\batch_05\images\571.png,next_100__batch_05__571.png,6,4e490954b7e4974e31c28266fe9288dfe237e73381d55487bcb9989d4f925764
next_100__batch_05__583.png,train,next_100__batch_05,D:\Actual Project\lcd-data-extractor\next_100\batch_05\images\583.png,next_100__batch_05__583.png,6,b5977af3aa5b35882d29c3c6fd2d72cc6041a6b3e4f755abd14685c3706bb7ba
next_100__batch_05__607.png,train,next_100__batch_05,D:\Actual Project\lcd-data-extractor\next_100\batch_05\images\607.png,next_100__batch_05__607.png,6,fcf0cac85b4fbf1c744f6ddba169fd5358972fe62dff471d96a4bdfdc9adc7bf
next_100__batch_05__617.png,train,next_100__batch_05,D:\Actual Project\lcd-data-extractor\next_100\batch_05\images\617.png,next_100__batch_05__617.png,6,1440a8f6d0ec5be87d1cb0fc846ec2774fc704fa146fc9603d2a9a6b5f83787b
next_100__batch_05__618.png,train,next_100__batch_05,D:\Actual Project\lcd-data-extractor\next_100\batch_05\images\618.png,next_100__batch_05__618.png,6,d16b5710fa02a8d42b4d1ac650c1f6f2ebb4a414f317840a232a44d317257cde
next_100__batch_05__622.png,train,next_100__batch_05,D:\Actual Project\lcd-data-extractor\next_100\batch_05\images\622.png,next_100__batch_05__622.png,6,774cc049cade95034fb0a7091edfe10f8eabacbb8bf60f3c221a476d247a038e
next_100__batch_05__625.png,train,next_100__batch_05,D:\Actual Project\lcd-data-extractor\next_100\batch_05\images\625.png,next_100__batch_05__625.png,6,a5461765e887f4a2519be45b87d0f4e8c2a10f48d4d448c450a6c19d4bc304b3
next_100__batch_05__626.png,train,next_100__batch_05,D:\Actual Project\lcd-data-extractor\next_100\batch_05\images\626.png,next_100__batch_05__626.png,6,91ec0abe2a9774a98ed3735bd76652e118a0796c35d059aae97cb4456cd13432
next_100__batch_05__629.png,train,next_100__batch_05,D:\Actual Project\lcd-data-extractor\next_100\batch_05\images\629.png,next_100__batch_05__629.png,7,adedabaab82c9a98dcf73143db22195c49e31d5cdb36eed906019cc62bfb7073
pilot_90__calibration__121.png,train,pilot_90__calibration,D:\Actual Project\lcd-data-extractor\pilot_90\calibration\images\121.png,pilot_90__calibration__121.png,5,32b87b12ed343f02f55813e76c81ebfecb1b643ce9602576d3840e9a0f934aaa
pilot_90__calibration__226.png,train,pilot_90__calibration,D:\Actual Project\lcd-data-extractor\pilot_90\calibration\images\226.png,pilot_90__calibration__226.png,7,bf115336408204c591dd3e0c931ef493873bff8e66e60394c9d5ea2de4e2cf15
pilot_90__calibration__361.png,train,pilot_90__calibration,D:\Actual Project\lcd-data-extractor\pilot_90\calibration\images\361.png,pilot_90__calibration__361.png,7,a6ddf7a2881397e6e51be17da69aa1e0924f561240542c1c76fb71f270d5e2b2
pilot_90__calibration__425.png,train,pilot_90__calibration,D:\Actual Project\lcd-data-extractor\pilot_90\calibration\images\425.png,pilot_90__calibration__425.png,5,7b5c990d80b1115053565957fc02fcaafc5cc9bc796cbea9edebbab42818d555
pilot_90__calibration__532.png,train,pilot_90__calibration,D:\Actual Project\lcd-data-extractor\pilot_90\calibration\images\532.png,pilot_90__calibration__532.png,7,d01c452a3474425b34dcb953e564f8fe3b64f4a6165da6b58d508ca1f71f2c24
pilot_90__calibration__533.png,train,pilot_90__calibration,D:\Actual Project\lcd-data-extractor\pilot_90\calibration\images\533.png,pilot_90__calibration__533.png,7,1c49fa25d4076379e8d76f5921893f456cfdc7e0c8c948d5983418f464cba982
pilot_90__calibration__551.png,train,pilot_90__calibration,D:\Actual Project\lcd-data-extractor\pilot_90\calibration\images\551.png,pilot_90__calibration__551.png,5,b5deab85cc880289043aa5026a502522458a303d0ce22e3e6a8c4003fddb10fd
pilot_90__calibration__636.png,train,pilot_90__calibration,D:\Actual Project\lcd-data-extractor\pilot_90\calibration\images\636.png,pilot_90__calibration__636.png,6,7a742eb474245c4bccc3db285ee8dcbff79d7393aea09c3f39ce18aa5d71ceae
pilot_90__calibration__94.png,train,pilot_90__calibration,D:\Actual Project\lcd-data-extractor\pilot_90\calibration\images\94.png,pilot_90__calibration__94.png,5,4feb41458d2cc767e5334a855339c72572444b3890403f04c2ce4a71577527cc
pilot_90__train__105.png,train,pilot_90__train,D:\Actual Project\lcd-data-extractor\pilot_90\train\images\105.png,pilot_90__train__105.png,1,2a251c2c4a3275d6e9009704fdd2e9ececf9109723d5f62dee20b657027c7d84
pilot_90__train__106.png,train,pilot_90__train,D:\Actual Project\lcd-data-extractor\pilot_90\train\images\106.png,pilot_90__train__106.png,3,aa74dc1916b44a4947c380b37b9a640ea4b0e7c825ad337fed54ed15511d59b7
pilot_90__train__116.png,train,pilot_90__train,D:\Actual Project\lcd-data-extractor\pilot_90\train\images\116.png,pilot_90__train__116.png,3,4a5c689d212945f5b16f5a240168245388860a758aee8b1eebd61d4b12ab9805
pilot_90__train__119.png,train,pilot_90__train,D:\Actual Project\lcd-data-extractor\pilot_90\train\images\119.png,pilot_90__train__119.png,4,b385f68b2530747d177eb31ce13f7a30da7792e304d7b8195f93d92c414596a5
pilot_90__train__133.png,train,pilot_90__train,D:\Actual Project\lcd-data-extractor\pilot_90\train\images\133.png,pilot_90__train__133.png,2,319e34c7ee52ff1c9e859196642aee7c430b2244511df23095661c7d16ce4677
pilot_90__train__146.png,train,pilot_90__train,D:\Actual Project\lcd-data-extractor\pilot_90\train\images\146.png,pilot_90__train__146.png,3,23e67dcd48d5ffd05c63463f204e1ffb8b9f9ba70691eb6f7b854dc57d68e48e
pilot_90__train__160.png,train,pilot_90__train,D:\Actual Project\lcd-data-extractor\pilot_90\train\images\160.png,pilot_90__train__160.png,5,690402e7289b05d2f2ed36179dff0278e9a5b869dc43163ede46aacef66930ec
pilot_90__train__186.png,train,pilot_90__train,D:\Actual Project\lcd-data-extractor\pilot_90\train\images\186.png,pilot_90__train__186.png,4,e55c9c1199970fa7a6db1ac0e82768816250e8a54e80acf39162b9b03c438f64
pilot_90__train__214.png,train,pilot_90__train,D:\Actual Project\lcd-data-extractor\pilot_90\train\images\214.png,pilot_90__train__214.png,3,c7b280714fb14a08fe16f13ce669a69852ca47628704ae565f492094ba019df9
pilot_90__train__218.png,train,pilot_90__train,D:\Actual Project\lcd-data-extractor\pilot_90\train\images\218.png,pilot_90__train__218.png,3,8e5d3eb4a1feccd039395a1b8e4394ff6dffa2fdfae889af593e44fb60fc6bdc
pilot_90__train__220.png,train,pilot_90__train,D:\Actual Project\lcd-data-extractor\pilot_90\train\images\220.png,pilot_90__train__220.png,7,9b05be07da9ff06e06d1061449945a36780a57c7bb5207a5dc55f6346e873673
pilot_90__train__229.png,train,pilot_90__train,D:\Actual Project\lcd-data-extractor\pilot_90\train\images\229.png,pilot_90__train__229.png,2,5131bab9c0557cc5b68c0e5881e5cd8d7075538206600bf25a9ede8e6c75dfaf
pilot_90__train__249.png,train,pilot_90__train,D:\Actual Project\lcd-data-extractor\pilot_90\train\images\249.png,pilot_90__train__249.png,5,09031ef23f6ac0b0d9ea597748a4fe716b3c3aa9659f061e9431a79ad364660c
pilot_90__train__251.png,train,pilot_90__train,D:\Actual Project\lcd-data-extractor\pilot_90\train\images\251.png,pilot_90__train__251.png,7,86ccc151ec17e19927cf96c1059a13311ad35b9b89c937d66d24268a80257535
pilot_90__train__253.png,train,pilot_90__train,D:\Actual Project\lcd-data-extractor\pilot_90\train\images\253.png,pilot_90__train__253.png,5,96e34ebf723b26a89a3a06fd4626f09f253bc026173792cca76c72b71670b284
pilot_90__train__255.png,train,pilot_90__train,D:\Actual Project\lcd-data-extractor\pilot_90\train\images\255.png,pilot_90__train__255.png,4,e6a132085952fadec8f424f431f5cd7c2548a1273c526fa073de25bc08c3cdd3
pilot_90__train__300.png,train,pilot_90__train,D:\Actual Project\lcd-data-extractor\pilot_90\train\images\300.png,pilot_90__train__300.png,5,4ae97652cc73460320029924cdf846637e5a7725598901301578e76fdaab6bed
pilot_90__train__302.png,train,pilot_90__train,D:\Actual Project\lcd-data-extractor\pilot_90\train\images\302.png,pilot_90__train__302.png,6,c75f873d50c72ab651fdf09cd5c96c64961f4453046da98a46b243ee4c2042d3
pilot_90__train__307.png,train,pilot_90__train,D:\Actual Project\lcd-data-extractor\pilot_90\train\images\307.png,pilot_90__train__307.png,3,61a7ef7d6a2e3b0025a86b155744aa3bbba6f3ce743ae4d72049459d4de62497
pilot_90__train__327.png,train,pilot_90__train,D:\Actual Project\lcd-data-extractor\pilot_90\train\images\327.png,pilot_90__train__327.png,3,116aaf293c55bd0c1570ad86ac3ede09cdeeb52806d851669a79a1dd0ef46dc7
pilot_90__train__328.png,train,pilot_90__train,D:\Actual Project\lcd-data-extractor\pilot_90\train\images\328.png,pilot_90__train__328.png,3,2bfccf47bad226631313a4ece07a8b1247cd2b08ec5aad42a7f6190251590b33
pilot_90__train__340.png,train,pilot_90__train,D:\Actual Project\lcd-data-extractor\pilot_90\train\images\340.png,pilot_90__train__340.png,3,ccbf8c7ea0d5c63f321fca0544e5555c4abff1ccebe0fc3c95311794a8af4f2d
pilot_90__train__356.png,train,pilot_90__train,D:\Actual Project\lcd-data-extractor\pilot_90\train\images\356.png,pilot_90__train__356.png,5,71b96dde7ac1ef5550673d9bfe2db8143027cdc0ee3cc3d73ad5a2ae52250ae7
pilot_90__train__365.png,train,pilot_90__train,D:\Actual Project\lcd-data-extractor\pilot_90\train\images\365.png,pilot_90__train__365.png,6,5f9eca19fc6a8963c35632de0adfacb9b85c3567dba4150a6635325ebe49b10a
pilot_90__train__406.png,train,pilot_90__train,D:\Actual Project\lcd-data-extractor\pilot_90\train\images\406.png,pilot_90__train__406.png,7,396df1b3322a25fe2e800e8d61e2a15036864e0d2767e9fb3c82a778cf55da76
pilot_90__train__413.png,train,pilot_90__train,D:\Actual Project\lcd-data-extractor\pilot_90\train\images\413.png,pilot_90__train__413.png,3,eaf6d9b49086f31b68dd1065a5367f5613e1249508ce9e946383e26ef8d1cc7c
pilot_90__train__418.png,train,pilot_90__train,D:\Actual Project\lcd-data-extractor\pilot_90\train\images\418.png,pilot_90__train__418.png,7,ab47c643d3fb4f2af4f4166fc9201b7d4ab5836e89f462f68b7db8c6507aa817
pilot_90__train__433.png,train,pilot_90__train,D:\Actual Project\lcd-data-extractor\pilot_90\train\images\433.png,pilot_90__train__433.png,2,713811a8ad11522deddc5957108ad36d5535b3551ca81069011cd77b222c6c15
pilot_90__train__437.png,train,pilot_90__train,D:\Actual Project\lcd-data-extractor\pilot_90\train\images\437.png,pilot_90__train__437.png,5,525a7f234394b4b86d8d7e5feb8f4323776eab36b05b99e0b945d781243607ef
pilot_90__train__438.png,train,pilot_90__train,D:\Actual Project\lcd-data-extractor\pilot_90\train\images\438.png,pilot_90__train__438.png,6,f78f9ec61abfe59d5a1664812ba309d66029237435ef693f4d401ab3a72fb154
pilot_90__train__480.png,train,pilot_90__train,D:\Actual Project\lcd-data-extractor\pilot_90\train\images\480.png,pilot_90__train__480.png,6,f6fe52ecd27406285e62696249dd2f03867455f71ddc89d4aee7152a0ddd3bde
pilot_90__train__506.png,train,pilot_90__train,D:\Actual Project\lcd-data-extractor\pilot_90\train\images\506.png,pilot_90__train__506.png,6,7662ae3983ce60853fb0c4d4476fded6ecfb0d1c75fbc6d182219756e5ae7dbd
pilot_90__train__511.png,train,pilot_90__train,D:\Actual Project\lcd-data-extractor\pilot_90\train\images\511.png,pilot_90__train__511.png,6,b333fe41a97d7e7eab941579bcdc3d1f9633806e9e715c213e5ba584696f51a4
pilot_90__train__52.png,train,pilot_90__train,D:\Actual Project\lcd-data-extractor\pilot_90\train\images\52.png,pilot_90__train__52.png,4,28274fc60f9e2e8b743ec27597475f73468bcd6a7b20766b0555cfe98598547c
pilot_90__train__526.png,train,pilot_90__train,D:\Actual Project\lcd-data-extractor\pilot_90\train\images\526.png,pilot_90__train__526.png,6,9764b4357ffea8e38f7ca14181d3738ae14c4c9cd94a1644e4e1a613136a090f
pilot_90__train__530.png,train,pilot_90__train,D:\Actual Project\lcd-data-extractor\pilot_90\train\images\530.png,pilot_90__train__530.png,6,d73a3719125b67c6b80d61176b10aee965bbf29993a4778e19a6adb48c821527
pilot_90__train__554.png,train,pilot_90__train,D:\Actual Project\lcd-data-extractor\pilot_90\train\images\554.png,pilot_90__train__554.png,7,d4fc1a82e18ad3df6a5e3c63900e9f1cbf3bbea5f911bf1bada589930a2f352a
pilot_90__train__564.png,train,pilot_90__train,D:\Actual Project\lcd-data-extractor\pilot_90\train\images\564.png,pilot_90__train__564.png,8,e788bd2fecf97d5886ea38b86856c360195ddecaad197cb4be5cecb238c955a3
pilot_90__train__569.png,train,pilot_90__train,D:\Actual Project\lcd-data-extractor\pilot_90\train\images\569.png,pilot_90__train__569.png,6,e742f692bf24daa7742f4c4391f41b660f371affb28f82dab234d481a22cd6aa
pilot_90__train__572.png,train,pilot_90__train,D:\Actual Project\lcd-data-extractor\pilot_90\train\images\572.png,pilot_90__train__572.png,6,a2e1e1ad06aa8f4551eec2d54b76c0929042b93f5527543d5d31298d859a0249
pilot_90__train__604.png,train,pilot_90__train,D:\Actual Project\lcd-data-extractor\pilot_90\train\images\604.png,pilot_90__train__604.png,4,5bfb03c11ca74563b3b620ca19b3f07b8167b7324e7d6e3f6da95a4260871392
pilot_90__train__611.png,train,pilot_90__train,D:\Actual Project\lcd-data-extractor\pilot_90\train\images\611.png,pilot_90__train__611.png,4,e311160895fcbda1748e1c9e52fbeef09802ffd2b12a7203f963e0fc89ecd409
pilot_90__train__627.png,train,pilot_90__train,D:\Actual Project\lcd-data-extractor\pilot_90\train\images\627.png,pilot_90__train__627.png,6,a2ff8d0b17d19e02bab3aed4fa7ab43c7dadf7867798f3fd284511c5fe0437ee
pilot_90__train__643.png,train,pilot_90__train,D:\Actual Project\lcd-data-extractor\pilot_90\train\images\643.png,pilot_90__train__643.png,6,2e58f85f96f87ff98d3f738fac3891dc541f14a71e713410a8ef4114f12db9bd
pilot_90__train__657.png,train,pilot_90__train,D:\Actual Project\lcd-data-extractor\pilot_90\train\images\657.png,pilot_90__train__657.png,6,7bf88e82a0dd7a5ca3de66328eb802387583662128d934dcb3f85dbf8b8021b8
pilot_90__train__658.png,train,pilot_90__train,D:\Actual Project\lcd-data-extractor\pilot_90\train\images\658.png,pilot_90__train__658.png,6,25f9b97e4d5bfddea801645cb29e51aa0925396f6e795c4dc4ac7e71a8df9021
pilot_90__train__663.png,train,pilot_90__train,D:\Actual Project\lcd-data-extractor\pilot_90\train\images\663.png,pilot_90__train__663.png,5,fc8e6e5b2e96a49be871a230394d9935d10dc00643b0739987a246c607efc423
pilot_90__train__671.png,train,pilot_90__train,D:\Actual Project\lcd-data-extractor\pilot_90\train\images\671.png,pilot_90__train__671.png,6,4f826b5616e1599090f07874e896fc21f1e1e8a999afc0f021a7eba3881a583d
pilot_90__train__676.png,train,pilot_90__train,D:\Actual Project\lcd-data-extractor\pilot_90\train\images\676.png,pilot_90__train__676.png,6,79e6733cf88a6a06067d2fd173b261761f9093bbbfd52f193f7946aaa4f69d75
pilot_90__train__97.png,train,pilot_90__train,D:\Actual Project\lcd-data-extractor\pilot_90\train\images\97.png,pilot_90__train__97.png,5,66377d847721240e50cfb0e99f15dccb4d8c54ac08cae05619923ee7553f03e4
pilot_90__train__98.png,train,pilot_90__train,D:\Actual Project\lcd-data-extractor\pilot_90\train\images\98.png,pilot_90__train__98.png,5,abf03b6cbcb7b4b4432c190575e5472dc1bcbbe04d43274f59d25821795bf3f2
pilot_90__validation__100.png,train,pilot_90__validation,D:\Actual Project\lcd-data-extractor\pilot_90\validation\images\100.png,pilot_90__validation__100.png,7,926c78fb960284a2c9b986959a520b71cbaa4dc93652ab899e727f2c9fc058c0
pilot_90__validation__239.png,train,pilot_90__validation,D:\Actual Project\lcd-data-extractor\pilot_90\validation\images\239.png,pilot_90__validation__239.png,3,2ed975aaf6b201f13d6a9d44c54a22196e518d4beec36030904d232ee562eac8
pilot_90__validation__273.png,train,pilot_90__validation,D:\Actual Project\lcd-data-extractor\pilot_90\validation\images\273.png,pilot_90__validation__273.png,3,1b1d41db53cca80309f54a22d309d3439d0334dec03f2fb135539aa56fadfdd2
pilot_90__validation__325.png,train,pilot_90__validation,D:\Actual Project\lcd-data-extractor\pilot_90\validation\images\325.png,pilot_90__validation__325.png,2,dd889882b37995a012c1d7b0b28388d6665fe63d8bb005c3eab5e77c9082f3e2
pilot_90__validation__412.png,train,pilot_90__validation,D:\Actual Project\lcd-data-extractor\pilot_90\validation\images\412.png,pilot_90__validation__412.png,2,fd4bba200484fa877c7ced0ca12f0588bebdb78b88c49ab584abc4bd9b5c2c2a
pilot_90__validation__488.png,train,pilot_90__validation,D:\Actual Project\lcd-data-extractor\pilot_90\validation\images\488.png,pilot_90__validation__488.png,6,8ec4979062c5cfe60a3e55e2ef47737012d8d864cab42a045b27a521c23536fd
pilot_90__validation__610.png,train,pilot_90__validation,D:\Actual Project\lcd-data-extractor\pilot_90\validation\images\610.png,pilot_90__validation__610.png,4,9deac50d912cf19d1e9db3ad55571c3e204d2b9a968d7f730fecbdafeda6345c
pilot_90__validation__62.png,train,pilot_90__validation,D:\Actual Project\lcd-data-extractor\pilot_90\validation\images\62.png,pilot_90__validation__62.png,4,89433333244cd58722bf72959fe04bb7004071789c2b4e7757a0c888dc2b5cde
pilot_90__validation__88.png,train,pilot_90__validation,D:\Actual Project\lcd-data-extractor\pilot_90\validation\images\88.png,pilot_90__validation__88.png,7,db4a1c3cb2abf84099e3f19552340411157af57074d9b0cffdee9ec2aa49374b
remaining_376__batch_01__25.png,train,remaining_376__batch_01,D:\Actual Project\lcd-data-extractor\remaining_376\batch_01\images\25.png,remaining_376__batch_01__25.png,3,6b89cfe1331d0ecdf74e96bf8a5146ee9f92e34163a582f80111bf27a71e9ec8
remaining_376__batch_01__27.png,train,remaining_376__batch_01,D:\Actual Project\lcd-data-extractor\remaining_376\batch_01\images\27.png,remaining_376__batch_01__27.png,2,2986a6ec9302cb52e0f17ad111feb76db0408d772bc6ca90e28da20c51f4243c
remaining_376__batch_01__28.png,train,remaining_376__batch_01,D:\Actual Project\lcd-data-extractor\remaining_376\batch_01\images\28.png,remaining_376__batch_01__28.png,2,bd3908861bd57e1b48a48dc429528fa649ac08f7b474b1937b4656bfac8d152e
remaining_376__batch_01__30.png,train,remaining_376__batch_01,D:\Actual Project\lcd-data-extractor\remaining_376\batch_01\images\30.png,remaining_376__batch_01__30.png,4,bc8b644efd1969f6b3c22ac57168193cdd4641d37994758d7534a7e9947ab961
remaining_376__batch_01__31.png,train,remaining_376__batch_01,D:\Actual Project\lcd-data-extractor\remaining_376\batch_01\images\31.png,remaining_376__batch_01__31.png,3,59bc5ce3d9b20447183ba938c5f55de416d12455d5a38f4118aaaaefc012b685
remaining_376__batch_01__32.png,train,remaining_376__batch_01,D:\Actual Project\lcd-data-extractor\remaining_376\batch_01\images\32.png,remaining_376__batch_01__32.png,3,950c730bd333f03b2da1ffc22e0d6e527cb44bc391bf167dd1039048c91e8ea4
remaining_376__batch_01__33.png,train,remaining_376__batch_01,D:\Actual Project\lcd-data-extractor\remaining_376\batch_01\images\33.png,remaining_376__batch_01__33.png,4,ce048abeaa44e703f08c2c3da9f8ac9896086d4e4c8d11fd5e57cfcbe24a06aa
remaining_376__batch_01__34.png,train,remaining_376__batch_01,D:\Actual Project\lcd-data-extractor\remaining_376\batch_01\images\34.png,remaining_376__batch_01__34.png,3,72847510e9c026c0bac8ac1205d09ac943360add7868a4b94ebf50baadbc48d3
remaining_376__batch_01__35.png,train,remaining_376__batch_01,D:\Actual Project\lcd-data-extractor\remaining_376\batch_01\images\35.png,remaining_376__batch_01__35.png,3,91f581f70c216192bb6e57836e3607643ba7bc5c03dfeb3fd05751a616e2cceb
remaining_376__batch_01__41.png,train,remaining_376__batch_01,D:\Actual Project\lcd-data-extractor\remaining_376\batch_01\images\41.png,remaining_376__batch_01__41.png,2,ba35145dda19602872b3aebb60aaba598db36161f2668953b9202fcbacf77475
remaining_376__batch_01__42.png,train,remaining_376__batch_01,D:\Actual Project\lcd-data-extractor\remaining_376\batch_01\images\42.png,remaining_376__batch_01__42.png,3,19c8113817aaf8f287d33b1b271620e2c67be6825d04f1a31a3eabbc568c1fde
remaining_376__batch_01__47.png,train,remaining_376__batch_01,D:\Actual Project\lcd-data-extractor\remaining_376\batch_01\images\47.png,remaining_376__batch_01__47.png,3,0fb873d4cd09bc43c97ad094ef1b3d1880c4b1685c34f677b8ecb006368e52e6
remaining_376__batch_01__48.png,train,remaining_376__batch_01,D:\Actual Project\lcd-data-extractor\remaining_376\batch_01\images\48.png,remaining_376__batch_01__48.png,2,146a516125c58d99778200570a844753db7ccf8fe633702b3238463d2defbc12
remaining_376__batch_01__50.png,train,remaining_376__batch_01,D:\Actual Project\lcd-data-extractor\remaining_376\batch_01\images\50.png,remaining_376__batch_01__50.png,3,3070fea6f5e6b0673d9a64695c75907a7845394b8bd842a3d60f097104b919e2
remaining_376__batch_01__53.png,train,remaining_376__batch_01,D:\Actual Project\lcd-data-extractor\remaining_376\batch_01\images\53.png,remaining_376__batch_01__53.png,3,6c25772967c7765ead27a3f62532bee61ca17ad1c0fd3731620c79b2b1d5a9f7
remaining_376__batch_01__55.png,train,remaining_376__batch_01,D:\Actual Project\lcd-data-extractor\remaining_376\batch_01\images\55.png,remaining_376__batch_01__55.png,3,7dff24f1a835ceca8f9e964e6471f9397320798a32887c969e27f968ddf30c77
remaining_376__batch_01__56.png,train,remaining_376__batch_01,D:\Actual Project\lcd-data-extractor\remaining_376\batch_01\images\56.png,remaining_376__batch_01__56.png,2,29a4b3ad06fa344a479f3512b4747468d712594d9feebd8dfe8b6ec9da33bc86
remaining_376__batch_01__57.png,train,remaining_376__batch_01,D:\Actual Project\lcd-data-extractor\remaining_376\batch_01\images\57.png,remaining_376__batch_01__57.png,2,75ed9d1541105b614a4693b7840de4337fcf88af3022800f49f541e1b6479266
remaining_376__batch_01__59.png,train,remaining_376__batch_01,D:\Actual Project\lcd-data-extractor\remaining_376\batch_01\images\59.png,remaining_376__batch_01__59.png,3,05f34ad5895e9f2cd50995586c1e67df7e37f14976eaae8a24a3438fee3407bb
remaining_376__batch_01__60.png,train,remaining_376__batch_01,D:\Actual Project\lcd-data-extractor\remaining_376\batch_01\images\60.png,remaining_376__batch_01__60.png,4,9217f711cab62960617c8b47fd2ef68eca234cc70f3f52d76482054cedd2d86b
remaining_376__batch_01__66.png,train,remaining_376__batch_01,D:\Actual Project\lcd-data-extractor\remaining_376\batch_01\images\66.png,remaining_376__batch_01__66.png,3,b42f2771a4ce12dba6e16dcc9294db8940ec6b6215776c657d821a56d39e7b6d
remaining_376__batch_01__68.png,train,remaining_376__batch_01,D:\Actual Project\lcd-data-extractor\remaining_376\batch_01\images\68.png,remaining_376__batch_01__68.png,3,a2b19528c74eae533c0f898e9fb44bd829cb3047572b645aaa2d67f03317a5c9
remaining_376__batch_01__70.png,train,remaining_376__batch_01,D:\Actual Project\lcd-data-extractor\remaining_376\batch_01\images\70.png,remaining_376__batch_01__70.png,2,03e3a170ea1e2de5b939f88dc0752c5fa9f39e3b671b860a81d90b88bd315948
remaining_376__batch_01__73.png,train,remaining_376__batch_01,D:\Actual Project\lcd-data-extractor\remaining_376\batch_01\images\73.png,remaining_376__batch_01__73.png,2,d4dae190af3f11f60f6a81e836f872a23593a01c8379b17d38cb4355b3cfbbc3
remaining_376__batch_01__75.png,train,remaining_376__batch_01,D:\Actual Project\lcd-data-extractor\remaining_376\batch_01\images\75.png,remaining_376__batch_01__75.png,2,0e8a732974fa4709667cb967f71a041c03527c2bf78dc2b671d1c08e90eabb95
remaining_376__batch_02__104.png,train,remaining_376__batch_02,D:\Actual Project\lcd-data-extractor\remaining_376\batch_02\images\104.png,remaining_376__batch_02__104.png,7,3b575dcb513b5410b38e16346b4b04e71436e90a2bf2eec917019294d17bee2a
remaining_376__batch_02__115.png,train,remaining_376__batch_02,D:\Actual Project\lcd-data-extractor\remaining_376\batch_02\images\115.png,remaining_376__batch_02__115.png,3,3ad3294cc0de5c4be3b695bee24d0056ac8976721d169cdf159c9682dcdf94a0
remaining_376__batch_02__125.png,train,remaining_376__batch_02,D:\Actual Project\lcd-data-extractor\remaining_376\batch_02\images\125.png,remaining_376__batch_02__125.png,5,8e7281302871729f2e908df6fc82607cabceac6b4c266dd47519b8ea4d96634c
remaining_376__batch_02__128.png,train,remaining_376__batch_02,D:\Actual Project\lcd-data-extractor\remaining_376\batch_02\images\128.png,remaining_376__batch_02__128.png,3,0c7f155fa7b562984e05fff828bf74d6f038749f2bb327f6eb7c3265fb46dd0e
remaining_376__batch_02__129.png,train,remaining_376__batch_02,D:\Actual Project\lcd-data-extractor\remaining_376\batch_02\images\129.png,remaining_376__batch_02__129.png,3,994341f6ea5a7c205d02651c37af35740216fb1f805a6b7596f33cdc1c8493a9
remaining_376__batch_02__131.png,train,remaining_376__batch_02,D:\Actual Project\lcd-data-extractor\remaining_376\batch_02\images\131.png,remaining_376__batch_02__131.png,3,1f14328af81efdcd2d0904d7ae732cc4dc852e24f51ec7b7d2a5fe51ea097b10
remaining_376__batch_02__132.png,train,remaining_376__batch_02,D:\Actual Project\lcd-data-extractor\remaining_376\batch_02\images\132.png,remaining_376__batch_02__132.png,3,37771d02363a1916a0b1ef92e4964681fe2082b13426414daad2f6f792203a4b
remaining_376__batch_02__76.png,train,remaining_376__batch_02,D:\Actual Project\lcd-data-extractor\remaining_376\batch_02\images\76.png,remaining_376__batch_02__76.png,2,34c6d99c781283e020ffc47bb941ccd8f776f89eb138f8231490a2f8325f4ccd
remaining_376__batch_02__77.png,train,remaining_376__batch_02,D:\Actual Project\lcd-data-extractor\remaining_376\batch_02\images\77.png,remaining_376__batch_02__77.png,4,641719d5cf14943d3fce7d495c248eab89b5c4af15408e6615cefcb7abad10c0
remaining_376__batch_02__78.png,train,remaining_376__batch_02,D:\Actual Project\lcd-data-extractor\remaining_376\batch_02\images\78.png,remaining_376__batch_02__78.png,2,d06df71afa07cc380e6bab4848b491534d53f2dc58d22c66e414c54cbef32758
remaining_376__batch_02__80.png,train,remaining_376__batch_02,D:\Actual Project\lcd-data-extractor\remaining_376\batch_02\images\80.png,remaining_376__batch_02__80.png,3,2908d9638a6b424485d053627b4dab1f2ec85af5ce64d5c53dda4aceb5f038ed
remaining_376__batch_02__81.png,train,remaining_376__batch_02,D:\Actual Project\lcd-data-extractor\remaining_376\batch_02\images\81.png,remaining_376__batch_02__81.png,2,af568ee00229c5c09a20fec6abf88ecd3c1eafe6a2988f5e61214ab0c417914b
remaining_376__batch_02__82.png,train,remaining_376__batch_02,D:\Actual Project\lcd-data-extractor\remaining_376\batch_02\images\82.png,remaining_376__batch_02__82.png,3,ac01b8b9c8449adcd4609083ad52c2cf04a4871b215269620c18f85dc7ba79ec
remaining_376__batch_02__83.png,train,remaining_376__batch_02,D:\Actual Project\lcd-data-extractor\remaining_376\batch_02\images\83.png,remaining_376__batch_02__83.png,4,ab1673ec30ea9e34b689e1829c0b6df27b05b178a8c63f2690ea764ef3825831
remaining_376__batch_02__84.png,train,remaining_376__batch_02,D:\Actual Project\lcd-data-extractor\remaining_376\batch_02\images\84.png,remaining_376__batch_02__84.png,3,eecf359f79253a17693c469aaf0e191ba1dfff8931dad897eba05b4c56ff5f51
remaining_376__batch_02__85.png,train,remaining_376__batch_02,D:\Actual Project\lcd-data-extractor\remaining_376\batch_02\images\85.png,remaining_376__batch_02__85.png,6,2ee2d5020a5abefa20d1da8b98380300a770cf316556deca23e2fc9983e5dee0
remaining_376__batch_02__86.png,train,remaining_376__batch_02,D:\Actual Project\lcd-data-extractor\remaining_376\batch_02\images\86.png,remaining_376__batch_02__86.png,5,6bcd78260797a600f303aacd289d77587c68acf67c582919be3a2c5a2bf38954
remaining_376__batch_02__87.png,train,remaining_376__batch_02,D:\Actual Project\lcd-data-extractor\remaining_376\batch_02\images\87.png,remaining_376__batch_02__87.png,5,30b7768d3ec1b3f905b994dbfc8b3ef3bf1641e013851f6d6eac634a4e2f131c
remaining_376__batch_02__89.png,train,remaining_376__batch_02,D:\Actual Project\lcd-data-extractor\remaining_376\batch_02\images\89.png,remaining_376__batch_02__89.png,7,d8793ad10c0b5b8512fcd09c950ab9c5ca6b14212f0d155c86a1061612846f5c
remaining_376__batch_02__90.png,train,remaining_376__batch_02,D:\Actual Project\lcd-data-extractor\remaining_376\batch_02\images\90.png,remaining_376__batch_02__90.png,7,536d2d125b3ea1d3264eb06daabf07ca8da11f850d4364833dbee8a7d6fb7906
remaining_376__batch_02__91.png,train,remaining_376__batch_02,D:\Actual Project\lcd-data-extractor\remaining_376\batch_02\images\91.png,remaining_376__batch_02__91.png,7,4abef79bfb311692bea34aac4da69c6552373703a0e54796c7ad6017fb65a51a
remaining_376__batch_02__92.png,train,remaining_376__batch_02,D:\Actual Project\lcd-data-extractor\remaining_376\batch_02\images\92.png,remaining_376__batch_02__92.png,6,8ea99a9638ef7b38cdc387801d65ead091ca82de75963d4f02b62f24d709d9da
remaining_376__batch_02__93.png,train,remaining_376__batch_02,D:\Actual Project\lcd-data-extractor\remaining_376\batch_02\images\93.png,remaining_376__batch_02__93.png,7,3364950c097ff46487cd57b174740181401bc2dda45bd19f783976e1fec6c1f8
remaining_376__batch_02__95.png,train,remaining_376__batch_02,D:\Actual Project\lcd-data-extractor\remaining_376\batch_02\images\95.png,remaining_376__batch_02__95.png,5,933c5910f61b64954a92c04bdbe4c427e401c71e8a14af2732a2430b105b09dc
remaining_376__batch_02__96.png,train,remaining_376__batch_02,D:\Actual Project\lcd-data-extractor\remaining_376\batch_02\images\96.png,remaining_376__batch_02__96.png,5,cc72b9508813090b30de97926076dfbd1a48fa3b0fdf3ca857384a84331109d5
remaining_376__batch_02__99.png,train,remaining_376__batch_02,D:\Actual Project\lcd-data-extractor\remaining_376\batch_02\images\99.png,remaining_376__batch_02__99.png,6,572c5c1736739c07b3b2f8aa555558782ffcbb36bc4032e8beadcf72cc97fde1
remaining_376__batch_03__135.png,train,remaining_376__batch_03,D:\Actual Project\lcd-data-extractor\remaining_376\batch_03\images\135.png,remaining_376__batch_03__135.png,3,21b899b86222d2bc63bc66c9df971cf55b63541b2b15586b0f60e27bb3f39c25
remaining_376__batch_03__138.png,train,remaining_376__batch_03,D:\Actual Project\lcd-data-extractor\remaining_376\batch_03\images\138.png,remaining_376__batch_03__138.png,2,3e77bd0f3382c248fdda23984561429d0468ea58e5b174d89d1cfa92e4c1f006
remaining_376__batch_03__139.png,train,remaining_376__batch_03,D:\Actual Project\lcd-data-extractor\remaining_376\batch_03\images\139.png,remaining_376__batch_03__139.png,2,6100289e3ff429905dc8488d2b6bfe76f46f4d14cda1a19dbd03122cdd48a1e6
remaining_376__batch_03__140.png,train,remaining_376__batch_03,D:\Actual Project\lcd-data-extractor\remaining_376\batch_03\images\140.png,remaining_376__batch_03__140.png,1,88ee7fed06e9d00b8a9a420a7943775e5c6ba05a05d93b06840ae1aca7954ce3
remaining_376__batch_03__141.png,train,remaining_376__batch_03,D:\Actual Project\lcd-data-extractor\remaining_376\batch_03\images\141.png,remaining_376__batch_03__141.png,2,f648e1d7037dc160b9cac85bb3ff356797233469eb5b706cc74361d5e3323fe7
remaining_376__batch_03__142.png,train,remaining_376__batch_03,D:\Actual Project\lcd-data-extractor\remaining_376\batch_03\images\142.png,remaining_376__batch_03__142.png,3,d16567504c3942a316095adfbf790675416c710825c6b0a66682704630d2ec86
remaining_376__batch_03__144.png,train,remaining_376__batch_03,D:\Actual Project\lcd-data-extractor\remaining_376\batch_03\images\144.png,remaining_376__batch_03__144.png,2,245b4538d4098f8005dda4bef8225b533f2746fa9cc478111cfb8cf5bcd209d5
remaining_376__batch_03__145.png,train,remaining_376__batch_03,D:\Actual Project\lcd-data-extractor\remaining_376\batch_03\images\145.png,remaining_376__batch_03__145.png,3,13482047c8063aae8eac8998b35febb0b58af710530c06c0e9f23455c3f078be
remaining_376__batch_03__147.png,train,remaining_376__batch_03,D:\Actual Project\lcd-data-extractor\remaining_376\batch_03\images\147.png,remaining_376__batch_03__147.png,5,4980db9d2b018cbf47efdc6175f464f22f806defc27e530276c26437de8caceb
remaining_376__batch_03__150.png,train,remaining_376__batch_03,D:\Actual Project\lcd-data-extractor\remaining_376\batch_03\images\150.png,remaining_376__batch_03__150.png,7,f7482dd330dcd6f352515df573c11792de6ea98b47d688bd9002d42a9d251a1a
remaining_376__batch_03__152.png,train,remaining_376__batch_03,D:\Actual Project\lcd-data-extractor\remaining_376\batch_03\images\152.png,remaining_376__batch_03__152.png,4,8be6a30e84ff25b8ca6dfebe363268380d5d677e3435a575833f16c386138f43
remaining_376__batch_03__156.png,train,remaining_376__batch_03,D:\Actual Project\lcd-data-extractor\remaining_376\batch_03\images\156.png,remaining_376__batch_03__156.png,3,c7aac11e545ca6051f4df556ac481eea41bb9da8e8e28fa5d739783d6610995a
remaining_376__batch_03__157.png,train,remaining_376__batch_03,D:\Actual Project\lcd-data-extractor\remaining_376\batch_03\images\157.png,remaining_376__batch_03__157.png,4,973a143eec8220e158ba6793e1213c5413a64851854c19f5927fcebe343529ac
remaining_376__batch_03__158.png,train,remaining_376__batch_03,D:\Actual Project\lcd-data-extractor\remaining_376\batch_03\images\158.png,remaining_376__batch_03__158.png,4,06a2d34b5de8c389440e346bddfddaca0f4c2ca7470ab0f50e2f1331295caa1f
remaining_376__batch_03__164.png,train,remaining_376__batch_03,D:\Actual Project\lcd-data-extractor\remaining_376\batch_03\images\164.png,remaining_376__batch_03__164.png,5,3a9f494fc9ca29322aaa8535ed5926e8d3a225473a9cbeebf938d224ea839678
remaining_376__batch_03__165.png,train,remaining_376__batch_03,D:\Actual Project\lcd-data-extractor\remaining_376\batch_03\images\165.png,remaining_376__batch_03__165.png,6,7c5f0b866bd34fd94afa0e608192a5bdb752ecded910ea0c0ec276c306729e5d
remaining_376__batch_03__166.png,train,remaining_376__batch_03,D:\Actual Project\lcd-data-extractor\remaining_376\batch_03\images\166.png,remaining_376__batch_03__166.png,7,0070a5bf98bee8cfb4357d04f082de95321e701d07f07b2cbd05ee8c04acfba6
remaining_376__batch_03__167.png,train,remaining_376__batch_03,D:\Actual Project\lcd-data-extractor\remaining_376\batch_03\images\167.png,remaining_376__batch_03__167.png,6,720570560afb7bf432ef7d13137b0f5e5a0811215ddee219d39a29c155fc97de
remaining_376__batch_03__169.png,train,remaining_376__batch_03,D:\Actual Project\lcd-data-extractor\remaining_376\batch_03\images\169.png,remaining_376__batch_03__169.png,7,f48288e968dc6d85f145c7459a2c5efb532285efaed5319da28955b4118f19bb
remaining_376__batch_03__170.png,train,remaining_376__batch_03,D:\Actual Project\lcd-data-extractor\remaining_376\batch_03\images\170.png,remaining_376__batch_03__170.png,6,56e30efd9c5de20efffafb2eecf3123738c61c396068df1229002503838babac
remaining_376__batch_03__171.png,train,remaining_376__batch_03,D:\Actual Project\lcd-data-extractor\remaining_376\batch_03\images\171.png,remaining_376__batch_03__171.png,7,86626b1f775555c623a4cc17dfd36c58c9e2107d512924bcd4fba7767017cabb
remaining_376__batch_03__172.png,train,remaining_376__batch_03,D:\Actual Project\lcd-data-extractor\remaining_376\batch_03\images\172.png,remaining_376__batch_03__172.png,4,66b5db080dde935f0d028af460047e48e8da33e34000899f4dcc72c2253c62c5
remaining_376__batch_03__176.png,train,remaining_376__batch_03,D:\Actual Project\lcd-data-extractor\remaining_376\batch_03\images\176.png,remaining_376__batch_03__176.png,7,768766acce50eba1c5532a6a06ba16e0f7e40d389abd179e75de0e5d422595c7
remaining_376__batch_03__177.png,train,remaining_376__batch_03,D:\Actual Project\lcd-data-extractor\remaining_376\batch_03\images\177.png,remaining_376__batch_03__177.png,6,d6fe6b6444833d0ac2b849868f595c484cc1d9c107d3b7ccb8f8fb9f1921bd2c
remaining_376__batch_03__179.png,train,remaining_376__batch_03,D:\Actual Project\lcd-data-extractor\remaining_376\batch_03\images\179.png,remaining_376__batch_03__179.png,7,a9ab163daa2363f85e8f97678dc39c77ec3172367bc451bc919038eb088c9bd9
remaining_376__batch_03__182.png,train,remaining_376__batch_03,D:\Actual Project\lcd-data-extractor\remaining_376\batch_03\images\182.png,remaining_376__batch_03__182.png,5,fe7f2fbb3850346c64c190741f06bf4bc50036cd01388e874640f14f575d83c2
remaining_376__batch_04__190.png,train,remaining_376__batch_04,D:\Actual Project\lcd-data-extractor\remaining_376\batch_04\images\190.png,remaining_376__batch_04__190.png,3,d147b7603133e6a9210cfe7919846be6b247677ff7d1ba7792b3e400febff4d1
remaining_376__batch_04__191.png,train,remaining_376__batch_04,D:\Actual Project\lcd-data-extractor\remaining_376\batch_04\images\191.png,remaining_376__batch_04__191.png,5,f706bdfc75f65e421e958f9b92c160474468755e9b2a42f8c0000797d42b2e32
remaining_376__batch_04__192.png,train,remaining_376__batch_04,D:\Actual Project\lcd-data-extractor\remaining_376\batch_04\images\192.png,remaining_376__batch_04__192.png,6,6279b735a6f6968b73a7e7f76e77b18c527e518c2f48bd37791c952aa69d4767
remaining_376__batch_04__193.png,train,remaining_376__batch_04,D:\Actual Project\lcd-data-extractor\remaining_376\batch_04\images\193.png,remaining_376__batch_04__193.png,6,9c243ee3b73a57dbe5e40de63986e2811f185922bcc86355b0e4c454a6bb47ed
remaining_376__batch_04__194.png,train,remaining_376__batch_04,D:\Actual Project\lcd-data-extractor\remaining_376\batch_04\images\194.png,remaining_376__batch_04__194.png,5,092749df3602003f980e88396e287b6ccd9e9e75a73b97d92b5f3d17227f4460
remaining_376__batch_04__195.png,train,remaining_376__batch_04,D:\Actual Project\lcd-data-extractor\remaining_376\batch_04\images\195.png,remaining_376__batch_04__195.png,5,c77b343207e6723a7ac9197ce9348166b2b60d2137d6ac92f64eb9af5f13579d
remaining_376__batch_04__197.png,train,remaining_376__batch_04,D:\Actual Project\lcd-data-extractor\remaining_376\batch_04\images\197.png,remaining_376__batch_04__197.png,7,197fe568a334daae98c3dcbf7fcf49b5f251e80c0cee9dbe24da522246fbef41
remaining_376__batch_04__200.png,train,remaining_376__batch_04,D:\Actual Project\lcd-data-extractor\remaining_376\batch_04\images\200.png,remaining_376__batch_04__200.png,7,d80fd6fe33eb6ae113a4bd9e1ab18e21347588e2ee4422643b24f9b4e85aca03
remaining_376__batch_04__204.png,train,remaining_376__batch_04,D:\Actual Project\lcd-data-extractor\remaining_376\batch_04\images\204.png,remaining_376__batch_04__204.png,6,4eeb46d6ed816237a5e229f5debc6493f275bf417158752e41933d5366fc926c
remaining_376__batch_04__206.png,train,remaining_376__batch_04,D:\Actual Project\lcd-data-extractor\remaining_376\batch_04\images\206.png,remaining_376__batch_04__206.png,1,69958c9fcb4d376c5728e9848eb01cb9f7abcc1b44240ef30cfa027b29a9bcaa
remaining_376__batch_04__210.png,train,remaining_376__batch_04,D:\Actual Project\lcd-data-extractor\remaining_376\batch_04\images\210.png,remaining_376__batch_04__210.png,2,fa336fc14670313c2786235b2940cf3926f189c4e8202407f0dfc017c24a7d16
remaining_376__batch_04__215.png,train,remaining_376__batch_04,D:\Actual Project\lcd-data-extractor\remaining_376\batch_04\images\215.png,remaining_376__batch_04__215.png,3,224fce8addb4f6d149c9d6897bd0641fecb5048fe407e1c79ad2c351d8fd1b76
remaining_376__batch_04__216.png,train,remaining_376__batch_04,D:\Actual Project\lcd-data-extractor\remaining_376\batch_04\images\216.png,remaining_376__batch_04__216.png,3,e41582600fbead654b06866440f08a0a628bdf5d6c81efbed0e6f8f8394e07d0
remaining_376__batch_04__219.png,train,remaining_376__batch_04,D:\Actual Project\lcd-data-extractor\remaining_376\batch_04\images\219.png,remaining_376__batch_04__219.png,5,ebbfbd01c2e015f523a30261a9edee439f96269f204b4b61fd974f7c0513a4b8
remaining_376__batch_04__221.png,train,remaining_376__batch_04,D:\Actual Project\lcd-data-extractor\remaining_376\batch_04\images\221.png,remaining_376__batch_04__221.png,5,4381fdf3ce2155902305c7acbf4245fdcf772b392ffb394de839a78be2d34516
remaining_376__batch_04__224.png,train,remaining_376__batch_04,D:\Actual Project\lcd-data-extractor\remaining_376\batch_04\images\224.png,remaining_376__batch_04__224.png,6,24366d166e18fbb16cbb9a4f0d2c715c6e3979967be86e72a3f929687af7c644
remaining_376__batch_04__225.png,train,remaining_376__batch_04,D:\Actual Project\lcd-data-extractor\remaining_376\batch_04\images\225.png,remaining_376__batch_04__225.png,2,a47bf23112ca2a237805cace2387b63ca954c0d30f2f9d29c4709bafd167f2f0
remaining_376__batch_04__227.png,train,remaining_376__batch_04,D:\Actual Project\lcd-data-extractor\remaining_376\batch_04\images\227.png,remaining_376__batch_04__227.png,3,30f2cae7dc39f97a7be0cc9a42528e5c13a27444740eca0b9e55525508828fb5
remaining_376__batch_04__230.png,train,remaining_376__batch_04,D:\Actual Project\lcd-data-extractor\remaining_376\batch_04\images\230.png,remaining_376__batch_04__230.png,2,81b93e4cbc5d49774e736179e9c0e7fb5b917fff215016c69dae862246d23dda
remaining_376__batch_04__232.png,train,remaining_376__batch_04,D:\Actual Project\lcd-data-extractor\remaining_376\batch_04\images\232.png,remaining_376__batch_04__232.png,3,673f85ff3391b6c70c234d58fec43dad962c017988b3b8b3dd1ea180e8dbe829
remaining_376__batch_04__234.png,train,remaining_376__batch_04,D:\Actual Project\lcd-data-extractor\remaining_376\batch_04\images\234.png,remaining_376__batch_04__234.png,4,e21e1f41dcb2a164ef3f0500a818e033c1e6b34bf936d492a208e6744a6bfc6c
remaining_376__batch_04__236.png,train,remaining_376__batch_04,D:\Actual Project\lcd-data-extractor\remaining_376\batch_04\images\236.png,remaining_376__batch_04__236.png,4,75a1f0dcf299866d77293807a8b638e131b8bb860e5f13ee68c8e3c71a71aa31
remaining_376__batch_05__237.png,train,remaining_376__batch_05,D:\Actual Project\lcd-data-extractor\remaining_376\batch_05\images\237.png,remaining_376__batch_05__237.png,2,cf669d406b1256cb39941c50917eceb85efc6f9a6a7d3948a347d18b307fe0af
remaining_376__batch_05__238.png,train,remaining_376__batch_05,D:\Actual Project\lcd-data-extractor\remaining_376\batch_05\images\238.png,remaining_376__batch_05__238.png,5,09ca1fd8f04f242ce8f0f5f8ee3d48a5e3fdd2acfacd2019825409c8119aa0ab
remaining_376__batch_05__241.png,train,remaining_376__batch_05,D:\Actual Project\lcd-data-extractor\remaining_376\batch_05\images\241.png,remaining_376__batch_05__241.png,3,12db01a5ac5f540e97adabc8b6ced5e5571ed21937c1af79b218f859482c3571
remaining_376__batch_05__242.png,train,remaining_376__batch_05,D:\Actual Project\lcd-data-extractor\remaining_376\batch_05\images\242.png,remaining_376__batch_05__242.png,4,4f4d14805eee7556b3eaaa852b8b232b27261a393323c3120f6428ca07801cc8
remaining_376__batch_05__244.png,train,remaining_376__batch_05,D:\Actual Project\lcd-data-extractor\remaining_376\batch_05\images\244.png,remaining_376__batch_05__244.png,6,a2d1b545389e872e066fca6fd272688a6a96f4d716fd4882486b11cb1ed371e3
remaining_376__batch_05__245.png,train,remaining_376__batch_05,D:\Actual Project\lcd-data-extractor\remaining_376\batch_05\images\245.png,remaining_376__batch_05__245.png,6,54a2b6405ad132552519f193635b9e18ad936e6255ae192739788e7864713b21
remaining_376__batch_05__259.png,train,remaining_376__batch_05,D:\Actual Project\lcd-data-extractor\remaining_376\batch_05\images\259.png,remaining_376__batch_05__259.png,3,4ab67c59e2a6dccc3064637dfda3ed53ddb9ba50eb55298ed91f77a2ad5a1e2b
remaining_376__batch_05__261.png,train,remaining_376__batch_05,D:\Actual Project\lcd-data-extractor\remaining_376\batch_05\images\261.png,remaining_376__batch_05__261.png,2,5980afc6065d68564597c7bab029985581bd7a54e592ae52efb5204f625509ac
remaining_376__batch_05__262.png,train,remaining_376__batch_05,D:\Actual Project\lcd-data-extractor\remaining_376\batch_05\images\262.png,remaining_376__batch_05__262.png,3,5d75f9d2b2d46ff1b8c416c2ca12199f0d4502335658d0ebd44d2dbfb1f2dba9
remaining_376__batch_05__263.png,train,remaining_376__batch_05,D:\Actual Project\lcd-data-extractor\remaining_376\batch_05\images\263.png,remaining_376__batch_05__263.png,2,a15705ebd597bc9daca93b015ff9da3dbeaf1e2be500cef48b7ddcb88b1b07b5
remaining_376__batch_05__264.png,train,remaining_376__batch_05,D:\Actual Project\lcd-data-extractor\remaining_376\batch_05\images\264.png,remaining_376__batch_05__264.png,3,2875a64c220dc633f372b80fe33f27aa2cf2b88b4bec5507d8e8358db0292566
remaining_376__batch_05__267.png,train,remaining_376__batch_05,D:\Actual Project\lcd-data-extractor\remaining_376\batch_05\images\267.png,remaining_376__batch_05__267.png,2,e1fcaa2daf0d76ae7aec54c65c6901834456c5cfe21ce17cceaf8ca6e39d25b4
remaining_376__batch_05__270.png,train,remaining_376__batch_05,D:\Actual Project\lcd-data-extractor\remaining_376\batch_05\images\270.png,remaining_376__batch_05__270.png,2,fed6d4c4dbe0d313ef8fcc87dc60b25b7c51b4bc7602dac1319527ff32eaa9ea
remaining_376__batch_05__275.png,train,remaining_376__batch_05,D:\Actual Project\lcd-data-extractor\remaining_376\batch_05\images\275.png,remaining_376__batch_05__275.png,4,ca7d2756321cb60921ed47a9b2d8c3e6ffa5c1c14b8a6c2580fbf1384e33f254
remaining_376__batch_05__278.png,train,remaining_376__batch_05,D:\Actual Project\lcd-data-extractor\remaining_376\batch_05\images\278.png,remaining_376__batch_05__278.png,3,040c792788f8a2b2ff468289bec53cd4f4abb3c7ca6b5c75bda2f9ecfb4552b3
remaining_376__batch_05__279.png,train,remaining_376__batch_05,D:\Actual Project\lcd-data-extractor\remaining_376\batch_05\images\279.png,remaining_376__batch_05__279.png,5,a89a55c6512d7f434ea6b32344dbe47268f05a0134e96b2ad88841c22e619001
remaining_376__batch_05__280.png,train,remaining_376__batch_05,D:\Actual Project\lcd-data-extractor\remaining_376\batch_05\images\280.png,remaining_376__batch_05__280.png,3,c01969f5dbed4f37d3967b30ff387223c8b1fd29c11f6546e0749f188750842f
remaining_376__batch_05__281.png,train,remaining_376__batch_05,D:\Actual Project\lcd-data-extractor\remaining_376\batch_05\images\281.png,remaining_376__batch_05__281.png,5,5bbe8f9bc34be7aa7e8ae894a97c956fc3ea2bf4c4c6a02d36bbf68f19c0063a
remaining_376__batch_05__285.png,train,remaining_376__batch_05,D:\Actual Project\lcd-data-extractor\remaining_376\batch_05\images\285.png,remaining_376__batch_05__285.png,7,dd07f60fcd4ac3337b968ef67d27ef300644d05df984902a4af737e6c5d70b56
remaining_376__batch_05__286.png,train,remaining_376__batch_05,D:\Actual Project\lcd-data-extractor\remaining_376\batch_05\images\286.png,remaining_376__batch_05__286.png,6,2fe364b06882768fc63913ee0546c6ba96912a5af79215419ae801cfd9e850ba
remaining_376__batch_05__293.png,train,remaining_376__batch_05,D:\Actual Project\lcd-data-extractor\remaining_376\batch_05\images\293.png,remaining_376__batch_05__293.png,7,2610bead2cae50ee7e0c1f89218d50a4b06a275aa43a79a009e607581b01ed17
remaining_376__batch_05__295.png,train,remaining_376__batch_05,D:\Actual Project\lcd-data-extractor\remaining_376\batch_05\images\295.png,remaining_376__batch_05__295.png,3,bce560f712bebb4664cfda0dafdcec9ec64c459823ddf3cec7a9c2fa2a02fa45
remaining_376__batch_05__299.png,train,remaining_376__batch_05,D:\Actual Project\lcd-data-extractor\remaining_376\batch_05\images\299.png,remaining_376__batch_05__299.png,5,35ed769c46a4eb20d4590412dab4ab2e2db1c57b38f5e1dae74a657d54e14c74
remaining_376__batch_05__305.png,train,remaining_376__batch_05,D:\Actual Project\lcd-data-extractor\remaining_376\batch_05\images\305.png,remaining_376__batch_05__305.png,3,d4b57258b8d61991e01814bb8dc4a7ec4ab7b05dc38b20ea45401298e3a34acf
remaining_376__batch_05__308.png,train,remaining_376__batch_05,D:\Actual Project\lcd-data-extractor\remaining_376\batch_05\images\308.png,remaining_376__batch_05__308.png,2,3c0b8aafc877d4d35af4fb841c29457a83eea6808d104999e64147a394638841
remaining_376__batch_06__311.png,train,remaining_376__batch_06,D:\Actual Project\lcd-data-extractor\remaining_376\batch_06\images\311.png,remaining_376__batch_06__311.png,3,d25f7dbb3b71687bdbcca50036104b5a8b87a0b8f79c79960a0de5e8cf7e4cd8
remaining_376__batch_06__314.png,train,remaining_376__batch_06,D:\Actual Project\lcd-data-extractor\remaining_376\batch_06\images\314.png,remaining_376__batch_06__314.png,3,233eafed8efc1d0ab09b77f93cf3db605f219726f7e87bb01f08e7efc6e2903d
remaining_376__batch_06__315.png,train,remaining_376__batch_06,D:\Actual Project\lcd-data-extractor\remaining_376\batch_06\images\315.png,remaining_376__batch_06__315.png,3,1499e83c2a513c82e568ff14a66b7a00b7aa447c3d535d0479292e4ae01d8424
remaining_376__batch_06__316.png,train,remaining_376__batch_06,D:\Actual Project\lcd-data-extractor\remaining_376\batch_06\images\316.png,remaining_376__batch_06__316.png,4,93b16b2e793e777dc6c082241a59344cd7cb57a529d9093c143230c2eb8c39b7
remaining_376__batch_06__318.png,train,remaining_376__batch_06,D:\Actual Project\lcd-data-extractor\remaining_376\batch_06\images\318.png,remaining_376__batch_06__318.png,3,558d8d11c9449e408623edde920204bb80d9f90824a0415524591b1f0e6f41b0
remaining_376__batch_06__319.png,train,remaining_376__batch_06,D:\Actual Project\lcd-data-extractor\remaining_376\batch_06\images\319.png,remaining_376__batch_06__319.png,2,c18d166cd66a3e490380d2a916e9eef63292903e259ab520b32b6c4d0574894a
remaining_376__batch_06__322.png,train,remaining_376__batch_06,D:\Actual Project\lcd-data-extractor\remaining_376\batch_06\images\322.png,remaining_376__batch_06__322.png,4,49d6f443769aaa3ea889b106d9ed6bb834be83b01a6ad575f530af3e19718c24
remaining_376__batch_06__323.png,train,remaining_376__batch_06,D:\Actual Project\lcd-data-extractor\remaining_376\batch_06\images\323.png,remaining_376__batch_06__323.png,4,027c79b34324e5a187f3f166511f822a318c634b62f139f70cc4437d9b289697
remaining_376__batch_06__324.png,train,remaining_376__batch_06,D:\Actual Project\lcd-data-extractor\remaining_376\batch_06\images\324.png,remaining_376__batch_06__324.png,3,38b17e27cad124016140e05086615a2103b53208edb1b7f3a97bef557173bc84
remaining_376__batch_06__330.png,train,remaining_376__batch_06,D:\Actual Project\lcd-data-extractor\remaining_376\batch_06\images\330.png,remaining_376__batch_06__330.png,3,0b08666992358d31ee470de779efe8bc918e5ff06a21696da9c35e1234e2391f
remaining_376__batch_06__331.png,train,remaining_376__batch_06,D:\Actual Project\lcd-data-extractor\remaining_376\batch_06\images\331.png,remaining_376__batch_06__331.png,2,71a73af8008cd9f6321b3432fb743f9b2982a9c19a68b01390c014e5ab54fd81
remaining_376__batch_06__332.png,train,remaining_376__batch_06,D:\Actual Project\lcd-data-extractor\remaining_376\batch_06\images\332.png,remaining_376__batch_06__332.png,3,573173844e585405e971e5de2b1be9d4cbd894b31c6d0d6367e890f6ed13e11e
remaining_376__batch_06__333.png,train,remaining_376__batch_06,D:\Actual Project\lcd-data-extractor\remaining_376\batch_06\images\333.png,remaining_376__batch_06__333.png,3,700dd6f23a640fab1fb2c6f00aef36a24771971274ec738c57c04f7903968b03
remaining_376__batch_06__335.png,train,remaining_376__batch_06,D:\Actual Project\lcd-data-extractor\remaining_376\batch_06\images\335.png,remaining_376__batch_06__335.png,3,0f13ff72e497df0c6daaf585aaca3cc11d89d7870358dae6cb5288e8f2fe50e8
remaining_376__batch_06__336.png,train,remaining_376__batch_06,D:\Actual Project\lcd-data-extractor\remaining_376\batch_06\images\336.png,remaining_376__batch_06__336.png,4,43e5097103a612dc106179f48fefd78a3bf6cdf27287f9cf952e304623c6dae5
remaining_376__batch_06__337.png,train,remaining_376__batch_06,D:\Actual Project\lcd-data-extractor\remaining_376\batch_06\images\337.png,remaining_376__batch_06__337.png,3,c2618a1ff42eb8372291bf24c1cc58daeb8622e5f015ec14e82b82b4529a008b
remaining_376__batch_06__338.png,train,remaining_376__batch_06,D:\Actual Project\lcd-data-extractor\remaining_376\batch_06\images\338.png,remaining_376__batch_06__338.png,3,726e2730ce243a71fbeaa60d20c0f26433cf72889cd46628b47f4811803815ea
remaining_376__batch_06__342.png,train,remaining_376__batch_06,D:\Actual Project\lcd-data-extractor\remaining_376\batch_06\images\342.png,remaining_376__batch_06__342.png,3,89d204e035d5e57d62ca149379cac73eb254a172b57eef357ccf12cc18f97d0b
remaining_376__batch_06__343.png,train,remaining_376__batch_06,D:\Actual Project\lcd-data-extractor\remaining_376\batch_06\images\343.png,remaining_376__batch_06__343.png,3,e5bbdd000236d3985a168b15b41af04445989cf33c916ab2f9a99b8da8123d24
remaining_376__batch_06__346.png,train,remaining_376__batch_06,D:\Actual Project\lcd-data-extractor\remaining_376\batch_06\images\346.png,remaining_376__batch_06__346.png,2,4be363be4dc1b21a628068779fb4ea0887c895fbf18076e62db4341be97c2c91
remaining_376__batch_06__349.png,train,remaining_376__batch_06,D:\Actual Project\lcd-data-extractor\remaining_376\batch_06\images\349.png,remaining_376__batch_06__349.png,3,29b470f5ef89d3013a81ed750387f397af46b2b84b2ff71d19bdb3380a640c96
remaining_376__batch_06__350.png,train,remaining_376__batch_06,D:\Actual Project\lcd-data-extractor\remaining_376\batch_06\images\350.png,remaining_376__batch_06__350.png,3,93bd3feb343747de17141b38f3f81dc3a41aa48b583db2e3e1f1ee25853b2ac9
remaining_376__batch_06__353.png,train,remaining_376__batch_06,D:\Actual Project\lcd-data-extractor\remaining_376\batch_06\images\353.png,remaining_376__batch_06__353.png,4,7e3fbfd164167e7b006fbcdb17390b2940b784c2823c2df3ed66a4283101bfa5
remaining_376__batch_06__355.png,train,remaining_376__batch_06,D:\Actual Project\lcd-data-extractor\remaining_376\batch_06\images\355.png,remaining_376__batch_06__355.png,3,d6881a8127615246d3eda6f35233eb5d0d99448c83d25600a120c779bbc5efa9
remaining_376__batch_06__358.png,train,remaining_376__batch_06,D:\Actual Project\lcd-data-extractor\remaining_376\batch_06\images\358.png,remaining_376__batch_06__358.png,5,cbdf6699380d6d94affb9afba9ebef0cdad2057f3ad96db0b18afce69d4be764
remaining_376__batch_07__360.png,train,remaining_376__batch_07,D:\Actual Project\lcd-data-extractor\remaining_376\batch_07\images\360.png,remaining_376__batch_07__360.png,3,4bfa4d5512eb308bf41463b8c76e7edd37a50f52d82b237099aff9a5b6c588e1
remaining_376__batch_07__362.png,train,remaining_376__batch_07,D:\Actual Project\lcd-data-extractor\remaining_376\batch_07\images\362.png,remaining_376__batch_07__362.png,5,e6011943102958cb60dbc1cb95b894bc22d919a7759a94676a02ff42606c5b99
remaining_376__batch_07__363.png,train,remaining_376__batch_07,D:\Actual Project\lcd-data-extractor\remaining_376\batch_07\images\363.png,remaining_376__batch_07__363.png,5,80287b9d008f5dba5ad87977d7937ae1b2f6fb4f3dacc3251466e913e8079734
remaining_376__batch_07__364.png,train,remaining_376__batch_07,D:\Actual Project\lcd-data-extractor\remaining_376\batch_07\images\364.png,remaining_376__batch_07__364.png,3,c4e96c2c2578323b44f1cbaa7b5b5f602ed5a2943c499e75b8433d19d6b80c0d
remaining_376__batch_07__366.png,train,remaining_376__batch_07,D:\Actual Project\lcd-data-extractor\remaining_376\batch_07\images\366.png,remaining_376__batch_07__366.png,3,b0611e8e9b02a374eb53105da13abbadc4f39356b4aaf804a493e443e1d052a3
remaining_376__batch_07__367.png,train,remaining_376__batch_07,D:\Actual Project\lcd-data-extractor\remaining_376\batch_07\images\367.png,remaining_376__batch_07__367.png,7,bbcf1bbc2b200e12b7b7d419665714c92d91ea55505cbb4b10163b35551c59ef
remaining_376__batch_07__368.png,train,remaining_376__batch_07,D:\Actual Project\lcd-data-extractor\remaining_376\batch_07\images\368.png,remaining_376__batch_07__368.png,2,5b9ebf8c91bf3809f0b7bded42a13e07bee02a2e0eb308f891a31d98b5d22a35
remaining_376__batch_07__369.png,train,remaining_376__batch_07,D:\Actual Project\lcd-data-extractor\remaining_376\batch_07\images\369.png,remaining_376__batch_07__369.png,3,89cbad81545272b34ea1db69c654b721ba16c7710003644cc2c3f9fd257c468f
remaining_376__batch_07__371.png,train,remaining_376__batch_07,D:\Actual Project\lcd-data-extractor\remaining_376\batch_07\images\371.png,remaining_376__batch_07__371.png,2,b09aeca89818dd2897245b05659f1ea78c476dc4f588a84cfd41e42d3af16c19
remaining_376__batch_07__374.png,train,remaining_376__batch_07,D:\Actual Project\lcd-data-extractor\remaining_376\batch_07\images\374.png,remaining_376__batch_07__374.png,3,340da8fcf1d7e1151f80ed531570289e49255b9db5cb6b2eb69dfd143ed978b6
remaining_376__batch_07__375.png,train,remaining_376__batch_07,D:\Actual Project\lcd-data-extractor\remaining_376\batch_07\images\375.png,remaining_376__batch_07__375.png,3,75b16a7ec4ef3fa2bfd13b04ffd0352fc468242d15f31a6dada87fa56761eca9
remaining_376__batch_07__376.png,train,remaining_376__batch_07,D:\Actual Project\lcd-data-extractor\remaining_376\batch_07\images\376.png,remaining_376__batch_07__376.png,3,e89ce428565ce826482211186af62ea2759fa360371a9dfe5eefdf74fc305fdf
remaining_376__batch_07__378.png,train,remaining_376__batch_07,D:\Actual Project\lcd-data-extractor\remaining_376\batch_07\images\378.png,remaining_376__batch_07__378.png,7,5fdfd5d205b38e605c961b0cc15be5d2cf94ae1f29d16811bb340a39a4507b23
remaining_376__batch_07__380.png,train,remaining_376__batch_07,D:\Actual Project\lcd-data-extractor\remaining_376\batch_07\images\380.png,remaining_376__batch_07__380.png,2,e364490c6384a384bc7d02b14a0b7341ab8cfd76e5829dad7b51bef051c34fa8
remaining_376__batch_07__381.png,train,remaining_376__batch_07,D:\Actual Project\lcd-data-extractor\remaining_376\batch_07\images\381.png,remaining_376__batch_07__381.png,7,fd8ddcf4c9f719f9b2ce72d7e3687fb7409c67a4768d6d9734cc0a17fd0f7ce2
remaining_376__batch_07__382.png,train,remaining_376__batch_07,D:\Actual Project\lcd-data-extractor\remaining_376\batch_07\images\382.png,remaining_376__batch_07__382.png,5,45dd86a504e1988ba664f5a50257850315bb304a3ecdd777a93388ef271ac01d
remaining_376__batch_07__384.png,train,remaining_376__batch_07,D:\Actual Project\lcd-data-extractor\remaining_376\batch_07\images\384.png,remaining_376__batch_07__384.png,2,958ed007884be11b8b6c48e072a5f069236ef5f9a2b016a0834e45c41cf9775a
remaining_376__batch_07__386.png,train,remaining_376__batch_07,D:\Actual Project\lcd-data-extractor\remaining_376\batch_07\images\386.png,remaining_376__batch_07__386.png,3,189b35193ae215b57aaf550db3ff9a4c702980859b7f94adf99f9b2a6276cb49
remaining_376__batch_07__387.png,train,remaining_376__batch_07,D:\Actual Project\lcd-data-extractor\remaining_376\batch_07\images\387.png,remaining_376__batch_07__387.png,3,80c18c5b2d2c5aa4040ac1bc3ac8f0d218d13e31b174d5f28d4748c00dd8c9b6
remaining_376__batch_07__388.png,train,remaining_376__batch_07,D:\Actual Project\lcd-data-extractor\remaining_376\batch_07\images\388.png,remaining_376__batch_07__388.png,6,89f1717a59e769b3ceb19f663cdec0f7c99d33eb46c87211afc8d99a98c712ee
remaining_376__batch_07__390.png,train,remaining_376__batch_07,D:\Actual Project\lcd-data-extractor\remaining_376\batch_07\images\390.png,remaining_376__batch_07__390.png,6,977ae9df681ef1675a58a4a387227328ef31f0188667f48e545b465633f83d98
remaining_376__batch_07__391.png,train,remaining_376__batch_07,D:\Actual Project\lcd-data-extractor\remaining_376\batch_07\images\391.png,remaining_376__batch_07__391.png,6,f336e4dfa9c1dc10c7fd83f1f32af3380d065ec2ff7da8a5902848fe3959d4ab
remaining_376__batch_07__392.png,train,remaining_376__batch_07,D:\Actual Project\lcd-data-extractor\remaining_376\batch_07\images\392.png,remaining_376__batch_07__392.png,7,197b044e734ad846b374596576b533a7180287f84831fedd07064b60e274dea0
remaining_376__batch_07__393.png,train,remaining_376__batch_07,D:\Actual Project\lcd-data-extractor\remaining_376\batch_07\images\393.png,remaining_376__batch_07__393.png,3,13b4e7af35ab1598d48fe32262a209dced074b8f9c4bf5bb71ea3a3f1e493655
remaining_376__batch_07__396.png,train,remaining_376__batch_07,D:\Actual Project\lcd-data-extractor\remaining_376\batch_07\images\396.png,remaining_376__batch_07__396.png,5,a2accdfdbb171f94d51c6a1972f0abf5b422eec7c9fd1c3f6685a88fc5ee1944
remaining_376__batch_08__398.png,train,remaining_376__batch_08,D:\Actual Project\lcd-data-extractor\remaining_376\batch_08\images\398.png,remaining_376__batch_08__398.png,2,bd193ec79e481fb09d2a4361acf9b7eb04b1f27457d8c1f5ff1f5c69798023fe
remaining_376__batch_08__401.png,train,remaining_376__batch_08,D:\Actual Project\lcd-data-extractor\remaining_376\batch_08\images\401.png,remaining_376__batch_08__401.png,3,d15e961038599a60037e2f2377bcdb519b77eb89f13f341d58237f1e7d586583
remaining_376__batch_08__402.png,train,remaining_376__batch_08,D:\Actual Project\lcd-data-extractor\remaining_376\batch_08\images\402.png,remaining_376__batch_08__402.png,4,0d49756b62e64d2b79ac7542f510e48f01991cfea27dfe130aabb46481542309
remaining_376__batch_08__403.png,train,remaining_376__batch_08,D:\Actual Project\lcd-data-extractor\remaining_376\batch_08\images\403.png,remaining_376__batch_08__403.png,5,f931c84c5f86e0f75d156f0db094837c2f55722e020459ce37f8903bb276d5e4
remaining_376__batch_08__404.png,train,remaining_376__batch_08,D:\Actual Project\lcd-data-extractor\remaining_376\batch_08\images\404.png,remaining_376__batch_08__404.png,7,bf0e770865e0e290686fd0cfff8d961cbff38768582aff152db6b35586e99676
remaining_376__batch_08__410.png,train,remaining_376__batch_08,D:\Actual Project\lcd-data-extractor\remaining_376\batch_08\images\410.png,remaining_376__batch_08__410.png,7,9ee04b02a3fc6bdac52c34966dd22193e7a7fd3356d171ab90c56b2b5053c9fb
remaining_376__batch_08__417.png,train,remaining_376__batch_08,D:\Actual Project\lcd-data-extractor\remaining_376\batch_08\images\417.png,remaining_376__batch_08__417.png,2,2bb1d011c367561ac5682910db77a7cda0e4476ae217b0ee5add8551602b1446
remaining_376__batch_08__419.png,train,remaining_376__batch_08,D:\Actual Project\lcd-data-extractor\remaining_376\batch_08\images\419.png,remaining_376__batch_08__419.png,6,c5e184af8d3d40368d1d43c670a833c5d8eb7923a333cc4cd2270bfd01dc6634
remaining_376__batch_08__420.png,train,remaining_376__batch_08,D:\Actual Project\lcd-data-extractor\remaining_376\batch_08\images\420.png,remaining_376__batch_08__420.png,4,0052d9adc0f84b38b00698adecc9a90cea87575ebd860a32a765eb8a23c25f81
remaining_376__batch_08__423.png,train,remaining_376__batch_08,D:\Actual Project\lcd-data-extractor\remaining_376\batch_08\images\423.png,remaining_376__batch_08__423.png,6,7fc5bd8d067b5af71d12ccf58cbc80bd2f70f52b54a9234d4d37b27a4f434cd7
remaining_376__batch_08__424.png,train,remaining_376__batch_08,D:\Actual Project\lcd-data-extractor\remaining_376\batch_08\images\424.png,remaining_376__batch_08__424.png,7,d210de7921aff466a223068ddfd718c302cef2f0e906caf2d4308a12e0d2aaa0
remaining_376__batch_08__427.png,train,remaining_376__batch_08,D:\Actual Project\lcd-data-extractor\remaining_376\batch_08\images\427.png,remaining_376__batch_08__427.png,2,fd66ccaaff41cc27634cd19bcbe13e3772b69d76966be3a477ab411007954e31
remaining_376__batch_08__428.png,train,remaining_376__batch_08,D:\Actual Project\lcd-data-extractor\remaining_376\batch_08\images\428.png,remaining_376__batch_08__428.png,4,d2e6f5131ea547d16be3f09c75c41553b1e5212a55edba9a24a985f6d36c804e
remaining_376__batch_08__429.png,train,remaining_376__batch_08,D:\Actual Project\lcd-data-extractor\remaining_376\batch_08\images\429.png,remaining_376__batch_08__429.png,5,4c78eb971c6bc3e8ccb4df90be7405fe71b0d99ef2ea24390fd3b25886510b69
remaining_376__batch_08__434.png,train,remaining_376__batch_08,D:\Actual Project\lcd-data-extractor\remaining_376\batch_08\images\434.png,remaining_376__batch_08__434.png,2,b311f6f469c401f6f51fe56b9c80b0cc86eb541a3f0e329b9e9d5f24d454616d
remaining_376__batch_08__435.png,train,remaining_376__batch_08,D:\Actual Project\lcd-data-extractor\remaining_376\batch_08\images\435.png,remaining_376__batch_08__435.png,7,743d15218198ffc6ca4c095d12d85f3063df1e3b190a80866e8cf45c6c15a9f2
remaining_376__batch_08__440.png,train,remaining_376__batch_08,D:\Actual Project\lcd-data-extractor\remaining_376\batch_08\images\440.png,remaining_376__batch_08__440.png,4,768d82902557e2a4bd0751068ad92e65e2b6630dcb0b4cfea45992526b7853b3
remaining_376__batch_08__441.png,train,remaining_376__batch_08,D:\Actual Project\lcd-data-extractor\remaining_376\batch_08\images\441.png,remaining_376__batch_08__441.png,7,1fad3867f0b1d03a3d4a78c437bbc81ffa6318afd687b10fd931eabdc757a5b3
remaining_376__batch_08__443.png,train,remaining_376__batch_08,D:\Actual Project\lcd-data-extractor\remaining_376\batch_08\images\443.png,remaining_376__batch_08__443.png,4,0476310c1eba5d1e76a0ac0d74ee18708d9a4da8e6d9d72d73b6b054c30e28e9
remaining_376__batch_08__444.png,train,remaining_376__batch_08,D:\Actual Project\lcd-data-extractor\remaining_376\batch_08\images\444.png,remaining_376__batch_08__444.png,6,c7750d930ce35566fb33b9df27aada3fc94ae18ef2554b59f4b7683fff292caf
remaining_376__batch_08__445.png,train,remaining_376__batch_08,D:\Actual Project\lcd-data-extractor\remaining_376\batch_08\images\445.png,remaining_376__batch_08__445.png,3,9f0fb4764acc64dfe61c943bbc532a6d3e2b6277746b616734a45775ec912c6c
remaining_376__batch_08__448.png,train,remaining_376__batch_08,D:\Actual Project\lcd-data-extractor\remaining_376\batch_08\images\448.png,remaining_376__batch_08__448.png,7,a79c7e942b9e0fbdfd71bd0c9fdd8e5cf92b08cbc17f6872f85d4112a3f14f39
remaining_376__batch_08__449.png,train,remaining_376__batch_08,D:\Actual Project\lcd-data-extractor\remaining_376\batch_08\images\449.png,remaining_376__batch_08__449.png,7,343cc536ee06a34a3a5d33df523cc9e223f2472393fd73813bdcaf78b324bb5b
remaining_376__batch_08__450.png,train,remaining_376__batch_08,D:\Actual Project\lcd-data-extractor\remaining_376\batch_08\images\450.png,remaining_376__batch_08__450.png,7,b14ab7ac6a1250fbe9ec912bbb4ccfd7552408c1a1c033471cc948e5470b43be
remaining_376__batch_08__451.png,train,remaining_376__batch_08,D:\Actual Project\lcd-data-extractor\remaining_376\batch_08\images\451.png,remaining_376__batch_08__451.png,7,baf238e8036e08e44bb3acd7e98618ba6c960ab5c8f3f5c4b1ffb332654a4930
remaining_376__batch_09__452.png,train,remaining_376__batch_09,D:\Actual Project\lcd-data-extractor\remaining_376\batch_09\images\452.png,remaining_376__batch_09__452.png,5,9de84da0c5cff7f96b55ae6e5ea093c29c55f5ee607d09a7a4b0411294108b60
remaining_376__batch_09__456.png,train,remaining_376__batch_09,D:\Actual Project\lcd-data-extractor\remaining_376\batch_09\images\456.png,remaining_376__batch_09__456.png,3,6e067b65263e0d1ad02f240695a83ecaa91937dd64d25e4085bc35f2776c8ed1
remaining_376__batch_09__457.png,train,remaining_376__batch_09,D:\Actual Project\lcd-data-extractor\remaining_376\batch_09\images\457.png,remaining_376__batch_09__457.png,3,83f1c6add9d27bef5269b6b38b5ac0bc3aa90c2a7465588f0cc079a46ae766c1
remaining_376__batch_09__459.png,train,remaining_376__batch_09,D:\Actual Project\lcd-data-extractor\remaining_376\batch_09\images\459.png,remaining_376__batch_09__459.png,3,5e4373a4cc8d8e6e8d8f57f9a138673c47d1399fd67ae808a29428a027852326
remaining_376__batch_09__461.png,train,remaining_376__batch_09,D:\Actual Project\lcd-data-extractor\remaining_376\batch_09\images\461.png,remaining_376__batch_09__461.png,2,00d97383a9d50859b91da8f5863fb80cd985b400ad3ede7c462f1714a2b3b9ea
remaining_376__batch_09__463.png,train,remaining_376__batch_09,D:\Actual Project\lcd-data-extractor\remaining_376\batch_09\images\463.png,remaining_376__batch_09__463.png,2,abb1fe834880b4e1e91b7619c94221358bf7c5247b652855a40e2f6b99708f64
remaining_376__batch_09__464.png,train,remaining_376__batch_09,D:\Actual Project\lcd-data-extractor\remaining_376\batch_09\images\464.png,remaining_376__batch_09__464.png,3,18425fedf576061a284215b98ec41bba229313e514d61f15bff82235761d89fe
remaining_376__batch_09__468.png,train,remaining_376__batch_09,D:\Actual Project\lcd-data-extractor\remaining_376\batch_09\images\468.png,remaining_376__batch_09__468.png,6,bec3bb8a4a7498a3e4d3de33b287b8ec707b056ce45c1dcb0809366f3e71290d
remaining_376__batch_09__469.png,train,remaining_376__batch_09,D:\Actual Project\lcd-data-extractor\remaining_376\batch_09\images\469.png,remaining_376__batch_09__469.png,7,8116d24386854cccaef096102b95596133e080ffe3f94bae412622ad725b39c9
remaining_376__batch_09__472.png,train,remaining_376__batch_09,D:\Actual Project\lcd-data-extractor\remaining_376\batch_09\images\472.png,remaining_376__batch_09__472.png,7,fd02e9af6f10c6e6ce8b2ebbd996c3e5568e90a86d1be8ffc1d8a514949a69e9
remaining_376__batch_09__476.png,train,remaining_376__batch_09,D:\Actual Project\lcd-data-extractor\remaining_376\batch_09\images\476.png,remaining_376__batch_09__476.png,2,4995be20566b1cdd087d0f97ba3333a832ab8bc3f0fdc2f2427aaf298d584197
remaining_376__batch_09__478.png,train,remaining_376__batch_09,D:\Actual Project\lcd-data-extractor\remaining_376\batch_09\images\478.png,remaining_376__batch_09__478.png,2,ed28e35b7f33bde6558821be7c7e9eea41a8edf0d204ba26683dbc6093dcef19
remaining_376__batch_09__489.png,train,remaining_376__batch_09,D:\Actual Project\lcd-data-extractor\remaining_376\batch_09\images\489.png,remaining_376__batch_09__489.png,6,30b5238ffbbdb06b51676891dd8431eccda1cc896dbee0ecfd9eab9c73e6a194
remaining_376__batch_09__490.png,train,remaining_376__batch_09,D:\Actual Project\lcd-data-extractor\remaining_376\batch_09\images\490.png,remaining_376__batch_09__490.png,6,2ea366b5cc7ed864c228a8e3e84005424011ad58c562eebada65f66dc6f6b574
remaining_376__batch_09__491.png,train,remaining_376__batch_09,D:\Actual Project\lcd-data-extractor\remaining_376\batch_09\images\491.png,remaining_376__batch_09__491.png,6,7f06d918252f733d68e5437ec606564f433dd58cc63643198e9c6bb39ed35103
remaining_376__batch_09__492.png,train,remaining_376__batch_09,D:\Actual Project\lcd-data-extractor\remaining_376\batch_09\images\492.png,remaining_376__batch_09__492.png,6,621043efa15e40adacc2bdfc6d90faad233301857438a57404441b7b0a02f794
remaining_376__batch_09__493.png,train,remaining_376__batch_09,D:\Actual Project\lcd-data-extractor\remaining_376\batch_09\images\493.png,remaining_376__batch_09__493.png,2,9133471069aa17d2c3279644a2fa335df9e6a4e7ce96ffb5791a980ab10ee3e2
remaining_376__batch_09__494.png,train,remaining_376__batch_09,D:\Actual Project\lcd-data-extractor\remaining_376\batch_09\images\494.png,remaining_376__batch_09__494.png,3,a0b110ea2b3e78ce78773c47a3c26a6eb69c255658632ae1d6460fd15f76e40b
remaining_376__batch_09__495.png,train,remaining_376__batch_09,D:\Actual Project\lcd-data-extractor\remaining_376\batch_09\images\495.png,remaining_376__batch_09__495.png,3,f1d9c2e0d562cb5cca69c8d3d5a53dff9b17fd1f78a468e847c9a00e16e21e88
remaining_376__batch_09__496.png,train,remaining_376__batch_09,D:\Actual Project\lcd-data-extractor\remaining_376\batch_09\images\496.png,remaining_376__batch_09__496.png,3,48be9ff75713490b4dbe27338b7f627768c20a8200937850440d272eefa89f8d
remaining_376__batch_09__497.png,train,remaining_376__batch_09,D:\Actual Project\lcd-data-extractor\remaining_376\batch_09\images\497.png,remaining_376__batch_09__497.png,3,4896055d5467cd9d3512478d3e6637f6c3107ebc24bfdb68de57c69428696f21
remaining_376__batch_09__498.png,train,remaining_376__batch_09,D:\Actual Project\lcd-data-extractor\remaining_376\batch_09\images\498.png,remaining_376__batch_09__498.png,3,9c534acb2be6b7fc2cc8cb4fb7c85e90b2873f8cbf912fcc3347769accc93b25
remaining_376__batch_09__503.png,train,remaining_376__batch_09,D:\Actual Project\lcd-data-extractor\remaining_376\batch_09\images\503.png,remaining_376__batch_09__503.png,3,4b7a5426b7cff8f92f71cb245068f9f4f8132663f36ea4c473e2ddac0d68aff6
remaining_376__batch_09__504.png,train,remaining_376__batch_09,D:\Actual Project\lcd-data-extractor\remaining_376\batch_09\images\504.png,remaining_376__batch_09__504.png,3,d2af073a12eacfc5969627385f90ee8c8ea00b736762c0b40a452f474e609061
remaining_376__batch_10__505.png,train,remaining_376__batch_10,D:\Actual Project\lcd-data-extractor\remaining_376\batch_10\images\505.png,remaining_376__batch_10__505.png,3,030cd580e150aa4f7301d0a97f2552b488d96089b1807eed93f87188a2447801
remaining_376__batch_10__512.png,train,remaining_376__batch_10,D:\Actual Project\lcd-data-extractor\remaining_376\batch_10\images\512.png,remaining_376__batch_10__512.png,6,f3d47a500a536be1e9d73416a317d216f12be5fd166d1efbc439a78d11049c36
remaining_376__batch_10__513.png,train,remaining_376__batch_10,D:\Actual Project\lcd-data-extractor\remaining_376\batch_10\images\513.png,remaining_376__batch_10__513.png,6,44338df0fb1131e65c17e4587dea84ebcd213f5553079982f55fc12ff283e62a
remaining_376__batch_10__514.png,train,remaining_376__batch_10,D:\Actual Project\lcd-data-extractor\remaining_376\batch_10\images\514.png,remaining_376__batch_10__514.png,6,0e22b147d7ae8411e400f56fecc53b966909c938cd3fee4e9aff30712cca68a8
remaining_376__batch_10__515.png,train,remaining_376__batch_10,D:\Actual Project\lcd-data-extractor\remaining_376\batch_10\images\515.png,remaining_376__batch_10__515.png,5,03a32991d076184df7016e6929a41eb17595eabe1458e9892874da455e4b4ac6
remaining_376__batch_10__516.png,train,remaining_376__batch_10,D:\Actual Project\lcd-data-extractor\remaining_376\batch_10\images\516.png,remaining_376__batch_10__516.png,3,0c0e79de2811fbbf47642f6407f65c2d83ed3e62e77edfe568df82733b25e3ef
remaining_376__batch_10__518.png,train,remaining_376__batch_10,D:\Actual Project\lcd-data-extractor\remaining_376\batch_10\images\518.png,remaining_376__batch_10__518.png,2,b0283ca30a09d3f63943034f14d9d3c11282970ef8e3e33a3de0c8b52aed4fca
remaining_376__batch_10__520.png,train,remaining_376__batch_10,D:\Actual Project\lcd-data-extractor\remaining_376\batch_10\images\520.png,remaining_376__batch_10__520.png,4,3a03dc5a22ae544e09d8505fd25f280fec1ece5f5bf4e520c0459209a72ee5c7
remaining_376__batch_10__521.png,train,remaining_376__batch_10,D:\Actual Project\lcd-data-extractor\remaining_376\batch_10\images\521.png,remaining_376__batch_10__521.png,3,f67a02904f63055970ac4f31818347f974f7455cd8ce1cfdc3a9938ddb34d27a
remaining_376__batch_10__522.png,train,remaining_376__batch_10,D:\Actual Project\lcd-data-extractor\remaining_376\batch_10\images\522.png,remaining_376__batch_10__522.png,3,1549d7e0525b4151435a7529220fa21ab3e956aff00270f2b4910c434e7edd41
remaining_376__batch_10__524.png,train,remaining_376__batch_10,D:\Actual Project\lcd-data-extractor\remaining_376\batch_10\images\524.png,remaining_376__batch_10__524.png,3,32a86aac87c0b82a1814c24aa527b3f890a561aac7a7c0d4ec096e737fe718c7
remaining_376__batch_10__525.png,train,remaining_376__batch_10,D:\Actual Project\lcd-data-extractor\remaining_376\batch_10\images\525.png,remaining_376__batch_10__525.png,2,8a1c2873184dc97d7402e1172da437de66cb9084ff4ad97bfbaf10d3cce6a369
remaining_376__batch_10__528.png,train,remaining_376__batch_10,D:\Actual Project\lcd-data-extractor\remaining_376\batch_10\images\528.png,remaining_376__batch_10__528.png,6,baf3677e023bd4d152d18b7471c5835603234cb3ad43dc8f6182efb0bc4d8a10
remaining_376__batch_10__529.png,train,remaining_376__batch_10,D:\Actual Project\lcd-data-extractor\remaining_376\batch_10\images\529.png,remaining_376__batch_10__529.png,6,78a05354261933ab1774b4e292adb69607bd4134e69131767e8144e3678decca
remaining_376__batch_10__534.png,train,remaining_376__batch_10,D:\Actual Project\lcd-data-extractor\remaining_376\batch_10\images\534.png,remaining_376__batch_10__534.png,7,dc7a429baccd15f605a02ac2fd98187f1736de4ccabe1210b6cf397db1e0b9ff
remaining_376__batch_10__536.png,train,remaining_376__batch_10,D:\Actual Project\lcd-data-extractor\remaining_376\batch_10\images\536.png,remaining_376__batch_10__536.png,4,2bcffc3ccfcfa23c95f7df316fd2e555da931a3af706656ccf860a85ed8803aa
remaining_376__batch_10__538.png,train,remaining_376__batch_10,D:\Actual Project\lcd-data-extractor\remaining_376\batch_10\images\538.png,remaining_376__batch_10__538.png,3,10d9dd06ce65849057a7b36940163f30143d818b3bdedd8014bd1ce9520f40c4
remaining_376__batch_10__539.png,train,remaining_376__batch_10,D:\Actual Project\lcd-data-extractor\remaining_376\batch_10\images\539.png,remaining_376__batch_10__539.png,3,9145ade83a13580750585b73144dcfc4df9efe3dc5eab3b2956fd7bea0a985fc
remaining_376__batch_10__540.png,train,remaining_376__batch_10,D:\Actual Project\lcd-data-extractor\remaining_376\batch_10\images\540.png,remaining_376__batch_10__540.png,2,4c3b50709c6fb2ada10f1a061d32496c168de456f5e18f17620c5e2be9055870
remaining_376__batch_10__541.png,train,remaining_376__batch_10,D:\Actual Project\lcd-data-extractor\remaining_376\batch_10\images\541.png,remaining_376__batch_10__541.png,2,17d51b7e831b49ba6a8951afa4c14e8a23714ac8745fff5131fd7681a75fab51
remaining_376__batch_10__542.png,train,remaining_376__batch_10,D:\Actual Project\lcd-data-extractor\remaining_376\batch_10\images\542.png,remaining_376__batch_10__542.png,4,704990dcffd9d94812b6940e4686be7121128064978194aa73e0f19dd23dcdec
remaining_376__batch_10__543.png,train,remaining_376__batch_10,D:\Actual Project\lcd-data-extractor\remaining_376\batch_10\images\543.png,remaining_376__batch_10__543.png,7,1ff74c00d9e5d5aed70e5ebb7c1aeb371399663c321dc7a4611dc42ae44a83bf
remaining_376__batch_10__546.png,train,remaining_376__batch_10,D:\Actual Project\lcd-data-extractor\remaining_376\batch_10\images\546.png,remaining_376__batch_10__546.png,7,02d74806535e8da09eafb3fd32e6c11f6044038cf82e4ac5625f487170fc419f
remaining_376__batch_10__555.png,train,remaining_376__batch_10,D:\Actual Project\lcd-data-extractor\remaining_376\batch_10\images\555.png,remaining_376__batch_10__555.png,4,5710d487afa92aad668488c21396d1464e6a69e28516bf40ce70b0be1f8d3264
remaining_376__batch_10__556.png,train,remaining_376__batch_10,D:\Actual Project\lcd-data-extractor\remaining_376\batch_10\images\556.png,remaining_376__batch_10__556.png,3,f458f6992bf1f3711988271d4543ada6e6d1dc783e82d7f166ddb710159d8754
remaining_376__batch_11__557.png,train,remaining_376__batch_11,D:\Actual Project\lcd-data-extractor\remaining_376\batch_11\images\557.png,remaining_376__batch_11__557.png,3,d8c7ff4333cf067f89475d5a91fad3d18f15c9c89e4920e1af3c3eacd63de64c
remaining_376__batch_11__558.png,train,remaining_376__batch_11,D:\Actual Project\lcd-data-extractor\remaining_376\batch_11\images\558.png,remaining_376__batch_11__558.png,3,edae13a5d0e70b9cd809e4cdbf5d4a152db1eb4bbce3d87ea6f6a993cd14bcb5
remaining_376__batch_11__559.png,train,remaining_376__batch_11,D:\Actual Project\lcd-data-extractor\remaining_376\batch_11\images\559.png,remaining_376__batch_11__559.png,3,ec524e9af9858beaeb0c6b1dc525afc38560cce0631b64ca395cca173f3f7b5f
remaining_376__batch_11__561.png,train,remaining_376__batch_11,D:\Actual Project\lcd-data-extractor\remaining_376\batch_11\images\561.png,remaining_376__batch_11__561.png,2,67571824c1c9405b98fae796342df453ba667cda2ec689aa921985724b3f8217
remaining_376__batch_11__563.png,train,remaining_376__batch_11,D:\Actual Project\lcd-data-extractor\remaining_376\batch_11\images\563.png,remaining_376__batch_11__563.png,3,c19fcbdd4976b0fc632134c9c4e5fc18f04249b6da39ab18228dd8d3e3871af0
remaining_376__batch_11__574.png,train,remaining_376__batch_11,D:\Actual Project\lcd-data-extractor\remaining_376\batch_11\images\574.png,remaining_376__batch_11__574.png,3,68b5210dcaf60b99e3554dbb5b04cc025937a200737010a7fe3884ddb62e92e0
remaining_376__batch_11__575.png,train,remaining_376__batch_11,D:\Actual Project\lcd-data-extractor\remaining_376\batch_11\images\575.png,remaining_376__batch_11__575.png,3,dff30c381bca92834608999192d6c2bbbbe1bb384a7f5ef02642639c8a4c87d1
remaining_376__batch_11__576.png,train,remaining_376__batch_11,D:\Actual Project\lcd-data-extractor\remaining_376\batch_11\images\576.png,remaining_376__batch_11__576.png,3,9f02386abfbb96af22b24c7bee493632cc001c89f122ceb884feb291334ae920
remaining_376__batch_11__577.png,train,remaining_376__batch_11,D:\Actual Project\lcd-data-extractor\remaining_376\batch_11\images\577.png,remaining_376__batch_11__577.png,2,a6e5856932c64c674b3eacaf0c52f01ed5af92e5391cf8d48884e960a76b905d
remaining_376__batch_11__578.png,train,remaining_376__batch_11,D:\Actual Project\lcd-data-extractor\remaining_376\batch_11\images\578.png,remaining_376__batch_11__578.png,2,46f11eca1f170d10fc56894b16457aaca08873a530bc4ab38264319f10e51e5f
remaining_376__batch_11__580.png,train,remaining_376__batch_11,D:\Actual Project\lcd-data-extractor\remaining_376\batch_11\images\580.png,remaining_376__batch_11__580.png,4,0a2c308f4744d3bf5599fedd62283d29da62466ba1e0bced052429e42cb61e69
remaining_376__batch_11__582.png,train,remaining_376__batch_11,D:\Actual Project\lcd-data-extractor\remaining_376\batch_11\images\582.png,remaining_376__batch_11__582.png,3,534a15c7d6a8ccf646106d9ba9f5a14a61560a06341e0588a69eaf3bcca97850
remaining_376__batch_11__587.png,train,remaining_376__batch_11,D:\Actual Project\lcd-data-extractor\remaining_376\batch_11\images\587.png,remaining_376__batch_11__587.png,7,0532e4354de5abd044ed41d02d276882c0b3537382e0dcdba354398a2d34a8a1
remaining_376__batch_11__588.png,train,remaining_376__batch_11,D:\Actual Project\lcd-data-extractor\remaining_376\batch_11\images\588.png,remaining_376__batch_11__588.png,7,cf29a0f792cbbd7d65405879fc9d3bfc3af44a280ac0f16591179168be5f27a0
remaining_376__batch_11__590.png,train,remaining_376__batch_11,D:\Actual Project\lcd-data-extractor\remaining_376\batch_11\images\590.png,remaining_376__batch_11__590.png,6,8e8c5bb41c3671ac993cc8c1567b096ed74e10f9457fecabf43e73f64de7378d
remaining_376__batch_11__591.png,train,remaining_376__batch_11,D:\Actual Project\lcd-data-extractor\remaining_376\batch_11\images\591.png,remaining_376__batch_11__591.png,7,d09e9205a42b4b6f723211ed4ebb5a70110c88d5fb7933956e64c80181af93e6
remaining_376__batch_11__594.png,train,remaining_376__batch_11,D:\Actual Project\lcd-data-extractor\remaining_376\batch_11\images\594.png,remaining_376__batch_11__594.png,3,91db5ecab9e8ff230d83b9b1e6abfe3a9a2668bf5d20ce2fdf4b77479fddc206
remaining_376__batch_11__595.png,train,remaining_376__batch_11,D:\Actual Project\lcd-data-extractor\remaining_376\batch_11\images\595.png,remaining_376__batch_11__595.png,2,cbabb8e9b92b76184db53786b08234ab865ece176009234bf5777a3576d5c62b
remaining_376__batch_11__596.png,train,remaining_376__batch_11,D:\Actual Project\lcd-data-extractor\remaining_376\batch_11\images\596.png,remaining_376__batch_11__596.png,2,df9df46e33046c04e9db33fd8d4647a1cad72a55176a43d35e125193135b8e24
remaining_376__batch_11__598.png,train,remaining_376__batch_11,D:\Actual Project\lcd-data-extractor\remaining_376\batch_11\images\598.png,remaining_376__batch_11__598.png,4,8e4656a741f64b3d4ad1545eca77454931fc82e3033a3d58a8fbc5c547cc0191
remaining_376__batch_11__599.png,train,remaining_376__batch_11,D:\Actual Project\lcd-data-extractor\remaining_376\batch_11\images\599.png,remaining_376__batch_11__599.png,3,57bde12f11d0186458c47513794a797448b2f263d1a70538a923cbe5fa70e729
remaining_376__batch_11__600.png,train,remaining_376__batch_11,D:\Actual Project\lcd-data-extractor\remaining_376\batch_11\images\600.png,remaining_376__batch_11__600.png,3,75be3d173b8457b3c5c38bed6cdd691a86b10483237256ef8a1f413385c87c48
remaining_376__batch_11__601.png,train,remaining_376__batch_11,D:\Actual Project\lcd-data-extractor\remaining_376\batch_11\images\601.png,remaining_376__batch_11__601.png,3,146e011e8a2f016bf4e13a8e33cb7bc95d93573b326cad94cb1dad9c7717b909
remaining_376__batch_11__602.png,train,remaining_376__batch_11,D:\Actual Project\lcd-data-extractor\remaining_376\batch_11\images\602.png,remaining_376__batch_11__602.png,3,57c0abe7b40e62f1c8fea5290f5e1d3c88cef42b0725107385f2cce2ecfd02b2
remaining_376__batch_11__605.png,train,remaining_376__batch_11,D:\Actual Project\lcd-data-extractor\remaining_376\batch_11\images\605.png,remaining_376__batch_11__605.png,6,2682c50a8f585608de23eaa2f150e0d471746b75eb23d1331b810343321772c2
remaining_376__batch_12__612.png,train,remaining_376__batch_12,D:\Actual Project\lcd-data-extractor\remaining_376\batch_12\images\612.png,remaining_376__batch_12__612.png,2,7fd327a06ca45cf63446f330ce96739d1532116c5b293edcbccb554d173af86e
remaining_376__batch_12__613.png,train,remaining_376__batch_12,D:\Actual Project\lcd-data-extractor\remaining_376\batch_12\images\613.png,remaining_376__batch_12__613.png,2,0afe669619a10de17c0420f2402dd43a285c0659e24ac34f34667641f3e9a531
remaining_376__batch_12__614.png,train,remaining_376__batch_12,D:\Actual Project\lcd-data-extractor\remaining_376\batch_12\images\614.png,remaining_376__batch_12__614.png,2,92787c1061f5942958ad89bb98124696e68739b6b8b92fb9e8085e63ed19fe6f
remaining_376__batch_12__615.png,train,remaining_376__batch_12,D:\Actual Project\lcd-data-extractor\remaining_376\batch_12\images\615.png,remaining_376__batch_12__615.png,4,724330e6a14d2201052bcd23149b8f80c86ec32d49ded014a5b63028ea14316b
remaining_376__batch_12__616.png,train,remaining_376__batch_12,D:\Actual Project\lcd-data-extractor\remaining_376\batch_12\images\616.png,remaining_376__batch_12__616.png,2,04b730c6c15dbdf298796b6cb464319a171bbd196e4ec17a80a01570fde07074
remaining_376__batch_12__619.png,train,remaining_376__batch_12,D:\Actual Project\lcd-data-extractor\remaining_376\batch_12\images\619.png,remaining_376__batch_12__619.png,6,6238b3d02815be582b4bd9d68ec2232ea5c01ae90198aacd6de21a23ce5fe89d
remaining_376__batch_12__620.png,train,remaining_376__batch_12,D:\Actual Project\lcd-data-extractor\remaining_376\batch_12\images\620.png,remaining_376__batch_12__620.png,5,22fbc4399d8648f58a724ba78b76f7661345565d47e8437256dfca9fc21f2551
remaining_376__batch_12__621.png,train,remaining_376__batch_12,D:\Actual Project\lcd-data-extractor\remaining_376\batch_12\images\621.png,remaining_376__batch_12__621.png,5,1bef3fe6e1cb62c3d4c31a6651e0b656fceb4dccc4243ac86e7e3552b908f4a6
remaining_376__batch_12__623.png,train,remaining_376__batch_12,D:\Actual Project\lcd-data-extractor\remaining_376\batch_12\images\623.png,remaining_376__batch_12__623.png,6,a1602eda8a742ec7f4a865d052e5a5c7bce7e2bf63a2a9f49c8d2129b168d69c
remaining_376__batch_12__632.png,train,remaining_376__batch_12,D:\Actual Project\lcd-data-extractor\remaining_376\batch_12\images\632.png,remaining_376__batch_12__632.png,3,ec4a204cc50e8eecff5a65915d5342af3d7b368044f034d0932e410c88ededd1
remaining_376__batch_12__633.png,train,remaining_376__batch_12,D:\Actual Project\lcd-data-extractor\remaining_376\batch_12\images\633.png,remaining_376__batch_12__633.png,3,5c380580f1f9e02f70fb2e61a7bf735930d6b3e259db63757269829bf4919017
remaining_376__batch_12__637.png,train,remaining_376__batch_12,D:\Actual Project\lcd-data-extractor\remaining_376\batch_12\images\637.png,remaining_376__batch_12__637.png,6,c43947615d8117fad6c710097b097cf8b94bf4b10d9f16e13741867025829bbd
remaining_376__batch_12__640.png,train,remaining_376__batch_12,D:\Actual Project\lcd-data-extractor\remaining_376\batch_12\images\640.png,remaining_376__batch_12__640.png,6,e0537c5f1f38c3c1c621364dc688e6d11e2144c5ce4c828f5080768e611e8748
remaining_376__batch_12__645.png,train,remaining_376__batch_12,D:\Actual Project\lcd-data-extractor\remaining_376\batch_12\images\645.png,remaining_376__batch_12__645.png,3,a6f2c9a52cbd3d271ca6edbe7c3adb36c31db04b4c300a9ec5e7bd070aaff43c
remaining_376__batch_12__646.png,train,remaining_376__batch_12,D:\Actual Project\lcd-data-extractor\remaining_376\batch_12\images\646.png,remaining_376__batch_12__646.png,3,41eba24d74b7392495f44522068babc351640734ff090f0c5fbf311336eee43e
remaining_376__batch_12__647.png,train,remaining_376__batch_12,D:\Actual Project\lcd-data-extractor\remaining_376\batch_12\images\647.png,remaining_376__batch_12__647.png,3,92fd3a2c38c55cc6596a282fe40018b03abb94377fce129831150277cef5c06b
remaining_376__batch_12__648.png,train,remaining_376__batch_12,D:\Actual Project\lcd-data-extractor\remaining_376\batch_12\images\648.png,remaining_376__batch_12__648.png,2,f67131137bd931ca57e8e1eedd7d4f3d1de8949b41b9b63abc362d5c57239784
remaining_376__batch_12__650.png,train,remaining_376__batch_12,D:\Actual Project\lcd-data-extractor\remaining_376\batch_12\images\650.png,remaining_376__batch_12__650.png,2,f1a14f223558c88fe655e36b859db00c1a15b4727ecc01c8a3be44f749f3b2ef
remaining_376__batch_12__651.png,train,remaining_376__batch_12,D:\Actual Project\lcd-data-extractor\remaining_376\batch_12\images\651.png,remaining_376__batch_12__651.png,4,a6d5e649869ad1248d22c9d73965a3373de9b4cac04eab2dd39a89bf94d885e4
remaining_376__batch_12__652.png,train,remaining_376__batch_12,D:\Actual Project\lcd-data-extractor\remaining_376\batch_12\images\652.png,remaining_376__batch_12__652.png,3,844a23bee93ca3a6b06b003434a9767cebac725ee4079b35f59969fd65d18cd3
remaining_376__batch_12__655.png,train,remaining_376__batch_12,D:\Actual Project\lcd-data-extractor\remaining_376\batch_12\images\655.png,remaining_376__batch_12__655.png,5,2637e2444ab6e19791f75b6b41729e2619242c8af9ab92e8eaae4b66629aa1ef
remaining_376__batch_12__659.png,train,remaining_376__batch_12,D:\Actual Project\lcd-data-extractor\remaining_376\batch_12\images\659.png,remaining_376__batch_12__659.png,3,74cb603a763e3d6e4cb4aadcad61ebd3902325597532d7d1ad45e6b618592257
remaining_376__batch_12__661.png,train,remaining_376__batch_12,D:\Actual Project\lcd-data-extractor\remaining_376\batch_12\images\661.png,remaining_376__batch_12__661.png,3,17b7143e47ffa66472ec5230f9f6431cc94af03c602dd7db475b3f4156edaf91
remaining_376__batch_12__664.png,train,remaining_376__batch_12,D:\Actual Project\lcd-data-extractor\remaining_376\batch_12\images\664.png,remaining_376__batch_12__664.png,5,ffaf5abc25fad6e1aa2c2a8848d3ddd85dbff59fe55bbaf7e8be9dc8a89afb5f
remaining_376__batch_12__667.png,train,remaining_376__batch_12,D:\Actual Project\lcd-data-extractor\remaining_376\batch_12\images\667.png,remaining_376__batch_12__667.png,3,e844325eca2a2c3949ddde61df71a5ab73ed36978c1b28b2eef9301e8b7c686f
remaining_376__batch_13__668.png,train,remaining_376__batch_13,D:\Actual Project\lcd-data-extractor\remaining_376\batch_13\images\668.png,remaining_376__batch_13__668.png,3,bfb78b3071635a7aab8e97cc01499ff08fa91ebbfd8289a660c579e00e3e8f03
remaining_376__batch_13__669.png,train,remaining_376__batch_13,D:\Actual Project\lcd-data-extractor\remaining_376\batch_13\images\669.png,remaining_376__batch_13__669.png,3,aa46994400ba9be05b7ca99e011d756cdf797cf2670137d7b70002d22f32ea06
remaining_376__batch_13__670.png,train,remaining_376__batch_13,D:\Actual Project\lcd-data-extractor\remaining_376\batch_13\images\670.png,remaining_376__batch_13__670.png,2,b367f05481d5ffe627a9dcb270be07bbf339d313ec47bd1e450b4cbb3d099689
remaining_376__batch_13__674.png,train,remaining_376__batch_13,D:\Actual Project\lcd-data-extractor\remaining_376\batch_13\images\674.png,remaining_376__batch_13__674.png,4,aed32327ee19c36815d268d132debf1d99716cfa2e4f7f82de72474c6d336ef1
remaining_376__batch_13__677.png,train,remaining_376__batch_13,D:\Actual Project\lcd-data-extractor\remaining_376\batch_13\images\677.png,remaining_376__batch_13__677.png,6,e8914247e92fb0a2e63c240e019986a3d13cd4ef704de05fa5ecb52280eb462c
remaining_376__batch_13__679.png,train,remaining_376__batch_13,D:\Actual Project\lcd-data-extractor\remaining_376\batch_13\images\679.png,remaining_376__batch_13__679.png,5,70907f9a8307c627d61f4642cbb2177cab047f4213f29ae2295a765c3be99fba
remaining_376__batch_13__681.png,train,remaining_376__batch_13,D:\Actual Project\lcd-data-extractor\remaining_376\batch_13\images\681.png,remaining_376__batch_13__681.png,3,4e3c5e12c66dac0668584cc0a416d4306e05288e20c32fd31d18ad634094c41e
remaining_376__batch_13__682.png,train,remaining_376__batch_13,D:\Actual Project\lcd-data-extractor\remaining_376\batch_13\images\682.png,remaining_376__batch_13__682.png,3,f5590447b82f54acf8e0aa6c15324cbb9927f131f1056a06367d03d1dbed8f56
remaining_376__batch_13__683.png,train,remaining_376__batch_13,D:\Actual Project\lcd-data-extractor\remaining_376\batch_13\images\683.png,remaining_376__batch_13__683.png,3,e4053571b12f0c93a7fceedc0404382d03e5ae8d271c24cf1b7484f86b2166ad
remaining_376__batch_13__686.png,train,remaining_376__batch_13,D:\Actual Project\lcd-data-extractor\remaining_376\batch_13\images\686.png,remaining_376__batch_13__686.png,7,b4829cb33d95ee6646b5eea6e9937aac5b7113b4471f671670e5f559947230cc
remaining_376__batch_13__687.png,train,remaining_376__batch_13,D:\Actual Project\lcd-data-extractor\remaining_376\batch_13\images\687.png,remaining_376__batch_13__687.png,7,83008af803b2d284266b081171bac06d16fcd1a6b1dc78c023a2b5e55e0ac3e9
remaining_376__batch_13__688.png,train,remaining_376__batch_13,D:\Actual Project\lcd-data-extractor\remaining_376\batch_13\images\688.png,remaining_376__batch_13__688.png,7,682cf9267fa002ab0dd9d864f2f486698d1d6f0fed81a3fbe408da888c5d079f
remaining_376__batch_13__689.png,train,remaining_376__batch_13,D:\Actual Project\lcd-data-extractor\remaining_376\batch_13\images\689.png,remaining_376__batch_13__689.png,3,bf2be25b3dcdcc2bc1406262a531a883758ac1100970f13b5eaf68dff127b534
remaining_376__batch_13__690.png,train,remaining_376__batch_13,D:\Actual Project\lcd-data-extractor\remaining_376\batch_13\images\690.png,remaining_376__batch_13__690.png,4,95a8567dcb3b5867d0ec57f76a30059936e2cc9ecedc5e0532897bbf351c1f3f
additional_100__batch_01__231.png,validation,additional_100__batch_01,D:\Actual Project\lcd-data-extractor\additional_100\batch_01\images\231.png,additional_100__batch_01__231.png,3,1f8f1bed03e8792e1d99cb8345c01f3a984d64341089115ef0a32616bd0be525
additional_100__batch_01__38.png,validation,additional_100__batch_01,D:\Actual Project\lcd-data-extractor\additional_100\batch_01\images\38.png,additional_100__batch_01__38.png,4,25be10a0a4f75a4b575080237dc0bef00139c56f6d8adfd6183daa17e2272ec3
additional_100__batch_01__51.png,validation,additional_100__batch_01,D:\Actual Project\lcd-data-extractor\additional_100\batch_01\images\51.png,additional_100__batch_01__51.png,4,abbf8be76105d4c49624a4fd1cec2455dfc14dbfb2075fdb26246eb2a2205706
additional_100__batch_02__124.png,validation,additional_100__batch_02,D:\Actual Project\lcd-data-extractor\additional_100\batch_02\images\124.png,additional_100__batch_02__124.png,5,4b51064b843cc23899a52d9ca2b8117f5d3c2be531378224eea613e0c3cc375f
additional_100__batch_02__127.png,validation,additional_100__batch_02,D:\Actual Project\lcd-data-extractor\additional_100\batch_02\images\127.png,additional_100__batch_02__127.png,2,e40d81d2d1e6401ba749169085278c5379a78ac9051ab0bce4a2c98672dcf0bf
additional_100__batch_02__282.png,validation,additional_100__batch_02,D:\Actual Project\lcd-data-extractor\additional_100\batch_02\images\282.png,additional_100__batch_02__282.png,4,5675c2cc21e7304bde77d0533a73a920f874845240fdb141b7b5beef1283486b
additional_100__batch_03__126.png,validation,additional_100__batch_03,D:\Actual Project\lcd-data-extractor\additional_100\batch_03\images\126.png,additional_100__batch_03__126.png,3,031fdf5ab6ec387fe5e59a0a016e7da9b9cc75d62736da4918d16ee7bdd1b96c
additional_100__batch_03__297.png,validation,additional_100__batch_03,D:\Actual Project\lcd-data-extractor\additional_100\batch_03\images\297.png,additional_100__batch_03__297.png,5,6b1a7ac24d7bcd6b83494a26f78624814e263d41fd0ce8bafbe346f12891f87e
additional_100__batch_03__400.png,validation,additional_100__batch_03,D:\Actual Project\lcd-data-extractor\additional_100\batch_03\images\400.png,additional_100__batch_03__400.png,2,2a96809623584545405a7326c0b79f58afde4ee491f7a8566081b2af5708e09b
additional_100__batch_04__414.png,validation,additional_100__batch_04,D:\Actual Project\lcd-data-extractor\additional_100\batch_04\images\414.png,additional_100__batch_04__414.png,1,c06902c6be1b4dd61dafe97b63444cea93b496e81db54e989c14667fcd9b6f27
additional_100__batch_04__465.png,validation,additional_100__batch_04,D:\Actual Project\lcd-data-extractor\additional_100\batch_04\images\465.png,additional_100__batch_04__465.png,2,4b8ed1b05df806411c4402f4c9ad20fca8a2e599901f7284bc6c629a9938c9b8
additional_100__batch_04__653.png,validation,additional_100__batch_04,D:\Actual Project\lcd-data-extractor\additional_100\batch_04\images\653.png,additional_100__batch_04__653.png,5,aa6c31a200df179d175cb8567f50fde659866a6d52c07303402f3c771633213f
additional_100__batch_05__481.png,validation,additional_100__batch_05,D:\Actual Project\lcd-data-extractor\additional_100\batch_05\images\481.png,additional_100__batch_05__481.png,6,2d4096609a0fe01b00b9f41ea29ec31a521658a4e83a2c18e0241657ee9a867c
additional_100__batch_05__519.png,validation,additional_100__batch_05,D:\Actual Project\lcd-data-extractor\additional_100\batch_05\images\519.png,additional_100__batch_05__519.png,4,1ba2a69159cbba59526acea365b9ff3c2268deb0fbe9fa0d5fd1965624598a00
additional_100__batch_05__662.png,validation,additional_100__batch_05,D:\Actual Project\lcd-data-extractor\additional_100\batch_05\images\662.png,additional_100__batch_05__662.png,5,42e4fa51770b58e10ddab2c1bf9c28bfad3b6bf82e226afcd441b1b36b138517
next_100__batch_01__312.png,validation,next_100__batch_01,D:\Actual Project\lcd-data-extractor\next_100\batch_01\images\312.png,next_100__batch_01__312.png,2,84592926456d5e251ee4a5534bbfe8b6e5a1cf22b074be1ef4572623eba0d7f4
next_100__batch_01__43.png,validation,next_100__batch_01,D:\Actual Project\lcd-data-extractor\next_100\batch_01\images\43.png,next_100__batch_01__43.png,4,6f1e617ee875acad276dfe5de4f502d26e72cbfc7cb12c828dadc6d292133f95
next_100__batch_01__54.png,validation,next_100__batch_01,D:\Actual Project\lcd-data-extractor\next_100\batch_01\images\54.png,next_100__batch_01__54.png,3,001220a1daa201ef5c41c334c6c6c311f220821f96cefb63cf6db76fb7d73301
next_100__batch_02__173.png,validation,next_100__batch_02,D:\Actual Project\lcd-data-extractor\next_100\batch_02\images\173.png,next_100__batch_02__173.png,5,fabb07e4f241e70c365e5d0ae91b918a7b968ccc521a05fcaa8067a256a37f79
next_100__batch_02__304.png,validation,next_100__batch_02,D:\Actual Project\lcd-data-extractor\next_100\batch_02\images\304.png,next_100__batch_02__304.png,6,f95ad217ed26129ad5ddff42c80b1dc563a71ef57b6f78c039c500a108cadfd6
next_100__batch_02__383.png,validation,next_100__batch_02,D:\Actual Project\lcd-data-extractor\next_100\batch_02\images\383.png,next_100__batch_02__383.png,2,a71046a6139ffa419fa91383139ebe9beee02ecbb107fc92b502d8a267bf98c5
next_100__batch_03__252.png,validation,next_100__batch_03,D:\Actual Project\lcd-data-extractor\next_100\batch_03\images\252.png,next_100__batch_03__252.png,4,166278bde9cca6f9954362465327f4ad174ef85c93285f086f6d44e6d106f204
next_100__batch_03__266.png,validation,next_100__batch_03,D:\Actual Project\lcd-data-extractor\next_100\batch_03\images\266.png,next_100__batch_03__266.png,3,6c1fea16c5665fbb106e157ae8667a5a105c82ceaa41f9136c3386d70b0b5e7a
next_100__batch_03__72.png,validation,next_100__batch_03,D:\Actual Project\lcd-data-extractor\next_100\batch_03\images\72.png,next_100__batch_03__72.png,3,dd4e167d7ef26a37524f8cc8133fd0da0aeb02b2c7145aedc1f04aae2b031d97
next_100__batch_04__458.png,validation,next_100__batch_04,D:\Actual Project\lcd-data-extractor\next_100\batch_04\images\458.png,next_100__batch_04__458.png,2,33d03eee9873cef37156df348644a9194b88027d231983970cee565c45ff82e2
next_100__batch_04__460.png,validation,next_100__batch_04,D:\Actual Project\lcd-data-extractor\next_100\batch_04\images\460.png,next_100__batch_04__460.png,2,b49e241145167fd6dffb60ce36e26e06188cbba12a4a24cfe7ec02126b8abdc7
next_100__batch_04__470.png,validation,next_100__batch_04,D:\Actual Project\lcd-data-extractor\next_100\batch_04\images\470.png,next_100__batch_04__470.png,3,343b92f5cd925ebd240e1f5edb4d244c048c91222c14c3492c9dc12f753d8483
next_100__batch_05__585.png,validation,next_100__batch_05,D:\Actual Project\lcd-data-extractor\next_100\batch_05\images\585.png,next_100__batch_05__585.png,6,6ecc2432fa8a900a55345372020091d4021f1a715c4e32fb3f112e7b814385f4
next_100__batch_05__606.png,validation,next_100__batch_05,D:\Actual Project\lcd-data-extractor\next_100\batch_05\images\606.png,next_100__batch_05__606.png,4,9e4e486afb333b371d49cf5a6e4a9bfb2c69c052118e5a48b9f56a8c60b87e60
next_100__batch_05__608.png,validation,next_100__batch_05,D:\Actual Project\lcd-data-extractor\next_100\batch_05\images\608.png,next_100__batch_05__608.png,6,a27d10c11a930392f2595b2ac41dc5eb25ca27ff2e0741ca31a1b9eb5265e585
pilot_90__calibration__301.png,validation,pilot_90__calibration,D:\Actual Project\lcd-data-extractor\pilot_90\calibration\images\301.png,pilot_90__calibration__301.png,7,20ae659d217aa89a0a190397c4abca7cbc4232c5e9121788ac056ce0824065ee
pilot_90__train__184.png,validation,pilot_90__train,D:\Actual Project\lcd-data-extractor\pilot_90\train\images\184.png,pilot_90__train__184.png,3,238e098bf3ae6bf39b950bf57a7c5f1668b73cdc5461c9c2cab20a0f3a39e0d4
pilot_90__train__189.png,validation,pilot_90__train,D:\Actual Project\lcd-data-extractor\pilot_90\train\images\189.png,pilot_90__train__189.png,4,978ed28f4475f8417ad707c6ce58caf9576c2a384c92c0c00683d5bf6bcdac53
pilot_90__train__341.png,validation,pilot_90__train,D:\Actual Project\lcd-data-extractor\pilot_90\train\images\341.png,pilot_90__train__341.png,3,acaa8c49c25995cb7358be5ad46542d0acbe57e443186ff99b361c53fac52064
pilot_90__train__36.png,validation,pilot_90__train,D:\Actual Project\lcd-data-extractor\pilot_90\train\images\36.png,pilot_90__train__36.png,4,85069bdfe4d14706f07b8805587d68951afcca0c5a2384234509ceb97a0debdc
pilot_90__train__370.png,validation,pilot_90__train,D:\Actual Project\lcd-data-extractor\pilot_90\train\images\370.png,pilot_90__train__370.png,5,f0ff0935cb14cda07bfbfef834346f292a20792d853276f082ba607038f89a5b
pilot_90__train__415.png,validation,pilot_90__train,D:\Actual Project\lcd-data-extractor\pilot_90\train\images\415.png,pilot_90__train__415.png,2,3ef227c77f65a6fc1307cc3a2427bdbda5315218c716f5ebcb29a7ede7611c9f
pilot_90__train__507.png,validation,pilot_90__train,D:\Actual Project\lcd-data-extractor\pilot_90\train\images\507.png,pilot_90__train__507.png,6,c6b7a7f7339e387aaf74680a91277acc7e8a3f5469df5941e091a586c0f49df1
pilot_90__train__584.png,validation,pilot_90__train,D:\Actual Project\lcd-data-extractor\pilot_90\train\images\584.png,pilot_90__train__584.png,6,4569faf43d0a0cac2cc020577f00557e2ca82514b0fe02518083913a6b197953
pilot_90__train__71.png,validation,pilot_90__train,D:\Actual Project\lcd-data-extractor\pilot_90\train\images\71.png,pilot_90__train__71.png,3,c77ec2b8e1d7c6600cc048579549d97da8200b4cb27dbaddbbb8c19a96f9b93d
pilot_90__validation__624.png,validation,pilot_90__validation,D:\Actual Project\lcd-data-extractor\pilot_90\validation\images\624.png,pilot_90__validation__624.png,6,753a10b82bb36b99a796835c1c6da53d1bcdcdcb80b7515f9eb3d442284cedd1
remaining_376__batch_01__29.png,validation,remaining_376__batch_01,D:\Actual Project\lcd-data-extractor\remaining_376\batch_01\images\29.png,remaining_376__batch_01__29.png,4,7577c5359fdc28ddb3b95e7801b9367c516b2f85f5f4a32d10a46cde08ddaf35
remaining_376__batch_01__49.png,validation,remaining_376__batch_01,D:\Actual Project\lcd-data-extractor\remaining_376\batch_01\images\49.png,remaining_376__batch_01__49.png,2,4a8a589232261345f6b82085249fad51f7f8cfc9859e3d3d72cdf1dd53853a90
remaining_376__batch_01__58.png,validation,remaining_376__batch_01,D:\Actual Project\lcd-data-extractor\remaining_376\batch_01\images\58.png,remaining_376__batch_01__58.png,2,6ed4e5d145ff23ff49e554b8135e97f8a937602a7e9f406ef9abac0d8976417b
remaining_376__batch_01__74.png,validation,remaining_376__batch_01,D:\Actual Project\lcd-data-extractor\remaining_376\batch_01\images\74.png,remaining_376__batch_01__74.png,2,b77dc2eb37e2d15caee3505eef4111f2856092f968cbc57ae6305acee2c69d16
remaining_376__batch_02__102.png,validation,remaining_376__batch_02,D:\Actual Project\lcd-data-extractor\remaining_376\batch_02\images\102.png,remaining_376__batch_02__102.png,7,5003587f5fa0cadea287bc8e14ba01b4013f56c5de308453350bd83529384e1d
remaining_376__batch_02__112.png,validation,remaining_376__batch_02,D:\Actual Project\lcd-data-extractor\remaining_376\batch_02\images\112.png,remaining_376__batch_02__112.png,2,f686b7124744dea9d721f5f6fc062cf8eeb9b902b8338cdc732385a9f75bc764
remaining_376__batch_02__120.png,validation,remaining_376__batch_02,D:\Actual Project\lcd-data-extractor\remaining_376\batch_02\images\120.png,remaining_376__batch_02__120.png,6,35e8c27f0414b7e9e2523bee143048e1e85e931b0390c259e9dc5ed6e552503e
remaining_376__batch_02__134.png,validation,remaining_376__batch_02,D:\Actual Project\lcd-data-extractor\remaining_376\batch_02\images\134.png,remaining_376__batch_02__134.png,3,bf6040e77b649c5e04c7810b609934c624cfd18e44a0bef51612e40b103482d2
remaining_376__batch_03__149.png,validation,remaining_376__batch_03,D:\Actual Project\lcd-data-extractor\remaining_376\batch_03\images\149.png,remaining_376__batch_03__149.png,5,aecfc3b6338d9c50ddcfebe4409bb380712ea25c93082447d86f595016e49996
remaining_376__batch_03__153.png,validation,remaining_376__batch_03,D:\Actual Project\lcd-data-extractor\remaining_376\batch_03\images\153.png,remaining_376__batch_03__153.png,1,fbc584b8da512daedd81ee807e436a82e6a60c6e9176c19a06ec40df8b5b3d0c
remaining_376__batch_03__168.png,validation,remaining_376__batch_03,D:\Actual Project\lcd-data-extractor\remaining_376\batch_03\images\168.png,remaining_376__batch_03__168.png,6,d06fb4f3ac89759a2dc4e75c19a52627921248fdb412ecaecb958fe5f9201cfc
remaining_376__batch_03__180.png,validation,remaining_376__batch_03,D:\Actual Project\lcd-data-extractor\remaining_376\batch_03\images\180.png,remaining_376__batch_03__180.png,5,ea30630a1c305764cf6a335d78716975f78c8fe65cf065b8b95295daa9be5fef
remaining_376__batch_04__202.png,validation,remaining_376__batch_04,D:\Actual Project\lcd-data-extractor\remaining_376\batch_04\images\202.png,remaining_376__batch_04__202.png,6,43dc6f7819864dfb1e9d92e717d9783eb3144c628e0023de74b2623d27ab241c
remaining_376__batch_04__207.png,validation,remaining_376__batch_04,D:\Actual Project\lcd-data-extractor\remaining_376\batch_04\images\207.png,remaining_376__batch_04__207.png,7,2389329b3bc7322f668bb3efb7b161efedbc61c7f2924a86217739f303aee690
remaining_376__batch_04__208.png,validation,remaining_376__batch_04,D:\Actual Project\lcd-data-extractor\remaining_376\batch_04\images\208.png,remaining_376__batch_04__208.png,7,c3d530da8b2f1dd0b32bd3a637af718f7f9cc417bca26d01236ba5d68e041edf
remaining_376__batch_04__235.png,validation,remaining_376__batch_04,D:\Actual Project\lcd-data-extractor\remaining_376\batch_04\images\235.png,remaining_376__batch_04__235.png,4,4e7d1c73de60bf45c62a2dadbcff6bbcee61d622b67ff04cebe70fc30c4bce19
remaining_376__batch_05__265.png,validation,remaining_376__batch_05,D:\Actual Project\lcd-data-extractor\remaining_376\batch_05\images\265.png,remaining_376__batch_05__265.png,2,8605324718cda53602f8bbe3644bf376c87ddc46532b1bb647ccfeed6b206950
remaining_376__batch_05__274.png,validation,remaining_376__batch_05,D:\Actual Project\lcd-data-extractor\remaining_376\batch_05\images\274.png,remaining_376__batch_05__274.png,3,d815eeca8898a7b2db42f3ccb8d536c02e83f57e8bd5ba5a9ce9633e2ee23f13
remaining_376__batch_05__277.png,validation,remaining_376__batch_05,D:\Actual Project\lcd-data-extractor\remaining_376\batch_05\images\277.png,remaining_376__batch_05__277.png,4,c7eb77944156b4f4767f15cfc3c9d57b02763827cf7b6fdd2791249af1dfb8b8
remaining_376__batch_05__306.png,validation,remaining_376__batch_05,D:\Actual Project\lcd-data-extractor\remaining_376\batch_05\images\306.png,remaining_376__batch_05__306.png,7,247a1a844bd17fee0deffad233746ec378bebacef832de74271b05155c265475
remaining_376__batch_06__321.png,validation,remaining_376__batch_06,D:\Actual Project\lcd-data-extractor\remaining_376\batch_06\images\321.png,remaining_376__batch_06__321.png,4,cbc5722ca202215218a67d590715cb0e7f4f4e0ec9cdbca7b47b5f002a65fb26
remaining_376__batch_06__326.png,validation,remaining_376__batch_06,D:\Actual Project\lcd-data-extractor\remaining_376\batch_06\images\326.png,remaining_376__batch_06__326.png,4,65a7f945adb928c39b6683d45aaddea0f839acaba389c673bf17b563e6d73445
remaining_376__batch_06__345.png,validation,remaining_376__batch_06,D:\Actual Project\lcd-data-extractor\remaining_376\batch_06\images\345.png,remaining_376__batch_06__345.png,3,36441a4bdbfef29cac0df85a22b0fd819b4460b71779631b29de9da10cf297b5
remaining_376__batch_06__348.png,validation,remaining_376__batch_06,D:\Actual Project\lcd-data-extractor\remaining_376\batch_06\images\348.png,remaining_376__batch_06__348.png,3,39f1f9aadd25a6271ff50742af8afe23cc1f4a1541df4ab7f5abc39b299f8f2e
remaining_376__batch_06__351.png,validation,remaining_376__batch_06,D:\Actual Project\lcd-data-extractor\remaining_376\batch_06\images\351.png,remaining_376__batch_06__351.png,3,ffe2e627cca5d8c6f96c949219cfdef8dd922ca16967f537b598a54b04cbc1c3
remaining_376__batch_07__359.png,validation,remaining_376__batch_07,D:\Actual Project\lcd-data-extractor\remaining_376\batch_07\images\359.png,remaining_376__batch_07__359.png,4,2113d4518ada48666e5e515e827ea85269688e7a5a64081fdf7e2d6573ae0027
remaining_376__batch_07__377.png,validation,remaining_376__batch_07,D:\Actual Project\lcd-data-extractor\remaining_376\batch_07\images\377.png,remaining_376__batch_07__377.png,3,f8bd1b99ef47499ded2ea4ea6ebc4b22c4e1a65a4c00262fff5414899123866b
remaining_376__batch_07__379.png,validation,remaining_376__batch_07,D:\Actual Project\lcd-data-extractor\remaining_376\batch_07\images\379.png,remaining_376__batch_07__379.png,2,a27145ce64022d46c6e3b2e1b89c7991e0de1a67519e3d0d456ed2d6ddf901f8
remaining_376__batch_07__389.png,validation,remaining_376__batch_07,D:\Actual Project\lcd-data-extractor\remaining_376\batch_07\images\389.png,remaining_376__batch_07__389.png,7,49ffbb06e4d2f5d09dac29808baed62351587e5e085e2f655042c5380793b7ac
remaining_376__batch_07__395.png,validation,remaining_376__batch_07,D:\Actual Project\lcd-data-extractor\remaining_376\batch_07\images\395.png,remaining_376__batch_07__395.png,4,3e673df6fb80e59176d7f467031b00dbdf5d7d1cbcaf456cef3020e36612f13d
remaining_376__batch_08__407.png,validation,remaining_376__batch_08,D:\Actual Project\lcd-data-extractor\remaining_376\batch_08\images\407.png,remaining_376__batch_08__407.png,7,60823c3334b797e277b20d4b8f15384a5acd1d143e12557a6b2fa1c8a8b4bb02
remaining_376__batch_08__421.png,validation,remaining_376__batch_08,D:\Actual Project\lcd-data-extractor\remaining_376\batch_08\images\421.png,remaining_376__batch_08__421.png,6,9dbcd42bfa1ab41128cc162dd4c81559d72b1cb6ed20ceec84d0fa22a7f083bd
remaining_376__batch_08__431.png,validation,remaining_376__batch_08,D:\Actual Project\lcd-data-extractor\remaining_376\batch_08\images\431.png,remaining_376__batch_08__431.png,4,1c63710e5b9af5a853f1a2dd6483fcfa1c9a454ddabcf36823a2504ab8b2fd0c
remaining_376__batch_08__436.png,validation,remaining_376__batch_08,D:\Actual Project\lcd-data-extractor\remaining_376\batch_08\images\436.png,remaining_376__batch_08__436.png,3,65036f53ce342592a727c8455fb42675dd2a0ac206c8012f24f12b9fbb511848
remaining_376__batch_08__447.png,validation,remaining_376__batch_08,D:\Actual Project\lcd-data-extractor\remaining_376\batch_08\images\447.png,remaining_376__batch_08__447.png,3,a70a374fda38aded9fdde36a2f4861f8f12dac98578bcd7f2fc49f53667d8c3c
remaining_376__batch_09__455.png,validation,remaining_376__batch_09,D:\Actual Project\lcd-data-extractor\remaining_376\batch_09\images\455.png,remaining_376__batch_09__455.png,3,08a02b7e999cbdf20d1e032a6dd7c079a8ce35dca427e5cce2c6095b38f3d221
remaining_376__batch_09__462.png,validation,remaining_376__batch_09,D:\Actual Project\lcd-data-extractor\remaining_376\batch_09\images\462.png,remaining_376__batch_09__462.png,3,19c55d4b8b6ab909475460bb94f5cf129580ce3040cecd7dff7007dd70f088d7
remaining_376__batch_09__473.png,validation,remaining_376__batch_09,D:\Actual Project\lcd-data-extractor\remaining_376\batch_09\images\473.png,remaining_376__batch_09__473.png,5,8f0cc6c865018982f610b05d1498ff608ae21d96a51864b533819abf19373fbe
remaining_376__batch_09__499.png,validation,remaining_376__batch_09,D:\Actual Project\lcd-data-extractor\remaining_376\batch_09\images\499.png,remaining_376__batch_09__499.png,2,192172c47968dc0a85140a2e23d8e504bbf8c5e48c5e8991ecfc5a88c0d8bc81
remaining_376__batch_10__517.png,validation,remaining_376__batch_10,D:\Actual Project\lcd-data-extractor\remaining_376\batch_10\images\517.png,remaining_376__batch_10__517.png,2,342855c7494d56bdba05dd50f8af151f21caa629c215aca86f27d4d86b1eaddb
remaining_376__batch_10__523.png,validation,remaining_376__batch_10,D:\Actual Project\lcd-data-extractor\remaining_376\batch_10\images\523.png,remaining_376__batch_10__523.png,3,9575f4a276d0c2cc6d2f01631b7a8662eed6cd36afcf6be949ca1af41e8b9ad0
remaining_376__batch_10__535.png,validation,remaining_376__batch_10,D:\Actual Project\lcd-data-extractor\remaining_376\batch_10\images\535.png,remaining_376__batch_10__535.png,2,19c33d66db5fc394237c9e09efe5681db39a831c5242adbfad599661749aef5c
remaining_376__batch_10__537.png,validation,remaining_376__batch_10,D:\Actual Project\lcd-data-extractor\remaining_376\batch_10\images\537.png,remaining_376__batch_10__537.png,3,9f29bbbc0956d6b4e169b70b495233a6fd9623c5b45a5715e06f51fb9b5c75cd
remaining_376__batch_10__548.png,validation,remaining_376__batch_10,D:\Actual Project\lcd-data-extractor\remaining_376\batch_10\images\548.png,remaining_376__batch_10__548.png,8,786c9c879edb67d4c239b9f9526169db521c57ec2e1feeac7c059d86f61e9623
remaining_376__batch_11__560.png,validation,remaining_376__batch_11,D:\Actual Project\lcd-data-extractor\remaining_376\batch_11\images\560.png,remaining_376__batch_11__560.png,2,8c5c876d96ef4887849f8d15c3aa6ac5dc8224495fb21f3f1b56ea108fabdbab
remaining_376__batch_11__562.png,validation,remaining_376__batch_11,D:\Actual Project\lcd-data-extractor\remaining_376\batch_11\images\562.png,remaining_376__batch_11__562.png,4,764e62228ef1ed20bb3721fc9d79b5cd4acc5a6a10c8fe2afce3c7940961cd9c
remaining_376__batch_11__573.png,validation,remaining_376__batch_11,D:\Actual Project\lcd-data-extractor\remaining_376\batch_11\images\573.png,remaining_376__batch_11__573.png,3,6f8959e4e59c9330b554bbf4eda1656980790d10bf7ef67c29c07bef3dde0624
remaining_376__batch_11__581.png,validation,remaining_376__batch_11,D:\Actual Project\lcd-data-extractor\remaining_376\batch_11\images\581.png,remaining_376__batch_11__581.png,3,dfab88e84bc88bd6c7283986904ee45899762ceaaf54302e61ccfcb8c9d67d73
remaining_376__batch_11__586.png,validation,remaining_376__batch_11,D:\Actual Project\lcd-data-extractor\remaining_376\batch_11\images\586.png,remaining_376__batch_11__586.png,6,22461cfcccdbbbdf4018cebd941b1715671b5d958307a3151e967750c6cabf60
remaining_376__batch_12__630.png,validation,remaining_376__batch_12,D:\Actual Project\lcd-data-extractor\remaining_376\batch_12\images\630.png,remaining_376__batch_12__630.png,4,a19a797f982df1b3082364b2b0ebf5d0acfd78cbad640d32adeec3cbd9218f9b
remaining_376__batch_12__631.png,validation,remaining_376__batch_12,D:\Actual Project\lcd-data-extractor\remaining_376\batch_12\images\631.png,remaining_376__batch_12__631.png,3,a3058e5bfa6c565c5ec4d68511d9689b554e10d33c4c26a0730469463d8047b9
remaining_376__batch_12__644.png,validation,remaining_376__batch_12,D:\Actual Project\lcd-data-extractor\remaining_376\batch_12\images\644.png,remaining_376__batch_12__644.png,3,aa3db2bcf7503f2757de72200bfb3bf94c1abb6874dfe1f8c7d0e05bcbf20c39
remaining_376__batch_12__649.png,validation,remaining_376__batch_12,D:\Actual Project\lcd-data-extractor\remaining_376\batch_12\images\649.png,remaining_376__batch_12__649.png,2,154ac8d3e3dc6e9b2171300ed53ce2ee4202f45cebc1df1b838f6e97ad339b4d
remaining_376__batch_12__660.png,validation,remaining_376__batch_12,D:\Actual Project\lcd-data-extractor\remaining_376\batch_12\images\660.png,remaining_376__batch_12__660.png,3,c8c8d54038a6b47dc9b72012f41c287ef857ea291976f33af3280ef46d1135ff
remaining_376__batch_13__675.png,validation,remaining_376__batch_13,D:\Actual Project\lcd-data-extractor\remaining_376\batch_13\images\675.png,remaining_376__batch_13__675.png,3,ee1def5ce33c0304877178ef61bc92df12b3e00cdd170318211f83f1de862fce
remaining_376__batch_13__684.png,validation,remaining_376__batch_13,D:\Actual Project\lcd-data-extractor\remaining_376\batch_13\images\684.png,remaining_376__batch_13__684.png,3,c75400f545c5a2eb85e2245776d1c174fe62ce58c6aa738c662f782d477733d1
